price,area,area_unit,city,location,property_type,bedrooms,bathrooms,built_in_year,parking_space,servant_quarters,store_rooms,kitchens,drawing_rooms,url
79000000.0,1.0,KANAL,Lahore,Raiwind,House,5.0,6.0,2020.0,2.0,1.0,1.0,2.0,0.0,https://www.zameen.com/Property/lake_city_lake_city_-_sector_m-2_1_kanal_house_for_sale_with_5_kws_soler_in_lake_city_sector_m2-54170247-4001-1.html
46900000.0,10.0,Marla,Lahore,Dha Defe,House,5.0,6.0,2020.0,2.0,1.0,2025.0,2025.0,0.0,https://www.zameen.com/Property/dha_defence_dha_phase_7_10-marla_double_hight_lobby_modern_house_for_sale_near_carefour_macdonald-54152283-1450-1.html
43500000.0,10.0,Marla,Lahore,Other,House,4.0,5.0,2020.0,3.0,1.0,2.0,3.0,3.0,https://www.zameen.com/Property/lahore_jubilee_town_10_marla_brand_new_home_for_sale-54193881-766-1.html
36000000.0,10.0,Marla,Lahore,Other,House,6.0,7.0,2020.0,1.0,1.0,0.0,0.0,0.0,https://www.zameen.com/Property/lda_avenue_lda_avenue_-_block_m_10_marla_brand_new_home_for_sale-54122391-8170-1.html
95000000.0,1.0,Kanal,Lahore,Dha Defe,House,6.0,7.0,2020.0,0.0,2.0,0.0,2.0,0.0,https://www.zameen.com/Property/dha_defence_dha_phase_8_a_1_kanal_house_in_lahore_is_on_the_market_for_sale_on_prime_location-54233724-1451-1.html
18500000.0,4.0,Marla,Lahore,Other,House,5.0,5.0,2020.0,0.0,0.0,0.0,2026.0,0.0,https://www.zameen.com/Property/gt_road_al-ahmad_garden_housing_scheme_4_marla_spanish_corner_house_for_sale_registry_intiqal_bank_loan_applicable-54192639-9707-1.html
21500000.0,5.0,Marla,Lahore,Other,House,3.0,4.0,2020.0,1.0,0.0,0.0,0.0,0.0,https://www.zameen.com/Property/gt_road_al-ahmad_garden_housing_scheme_5_marla_house_for_sale-54222148-9707-1.html
14500000.0,3.0,Marla,Lahore,Other,House,4.0,5.0,2020.0,1.0,1.0,0.0,2.0,0.0,https://www.zameen.com/Property/gt_road_al_hafeez_gardens_prime_location_house_for_sale_in_beautiful_al_hafeez_gardens-54188808-8573-1.html
52500000.0,10.0,Marla,Lahore,Other,House,3.0,4.0,2020.0,0.0,0.0,0.0,0.0,0.0,https://www.zameen.com/Property/lahore_allama_iqbal_town_10_marla_luxury_house_available_for_sale_in_hot_locality-54238225-58-1.html
7600000.0,2.0,Marla,Lahore,Sabzazar Scheme,House,5.0,5.0,2020.0,4.0,1.0,0.0,2.0,0.0,https://www.zameen.com/Property/sabzazar_scheme_sabzazar_scheme_-_block_n_2_marla_brand_new_house_for_sale_at_mustafa_park_near_to_sabzazar_n_block-54048386-4177-1.html
23500000.0,5.0,Marla,Lahore,Dha Defe,House,3.0,2.0,2020.0,1.0,2026.0,2026.0,2026.0,0.0,https://www.zameen.com/Property/dha_defence_dha_9_town_5_marla_brand_new_modern_design_house_for_sale_near_park-54119301-1452-1.html
70000000.0,1.0,KANAL,Lahore,Dha Defe,House,11.0,7.0,2020.0,4.0,1.0,0.0,0.0,0.0,https://www.zameen.com/Property/dha_defence_dha_phase_7_01_kanal_unique_amp_stylish_design_house_for_sale_in_dha_phase_7-50511547-1450-1.html
69000000.0,1.0,Kanal,Lahore,Other,House,5.0,6.0,2020.0,6.0,1.0,0.0,0.0,0.0,https://www.zameen.com/Property/wapda_town_wapda_town_phase_1_1_kanal_slightly_used_6bed_double_story_house_is_for_sale_in_wapda_town_d-2_block-53045622-4307-1.html
50000000.0,10.0,Marla,Lahore,Other,House,6.0,6.0,2020.0,1.0,1.0,0.0,2.0,0.0,https://www.zameen.com/Property/wapda_town_wapda_town_phase_1_10_marla_luxury_brand_new_5_bed_double_storey_house_is_for_sale_in_wapda_town_phase_1-53259628-4307-1.html
26500000.0,5.0,Marla,Lahore,Dha Defe,House,5.0,6.0,2020.0,2.0,1.0,0.0,1.0,0.0,https://www.zameen.com/Property/dha_9_town_dha_9_town_-_block_b_3_bed_room_house_available_for_sale-54188894-8174-1.html
95000000.0,1.0,KANAL,Lahore,Dha Defe,House,3.0,3.0,2020.0,4.0,2026.0,0.0,2026.0,2026.0,https://www.zameen.com/Property/dha_defence_dha_phase_7_hot_deal_1_kanal_ultra_modern_house_for_sale_dha_lahore_phase_7-53970501-1450-1.html
29500000.0,5.0,Marla,Lahore,Dha Defe,House,5.0,6.0,2020.0,1.0,1.0,1.0,2.0,2026.0,https://www.zameen.com/Property/dha_defence_dha_9_town_5-marla_brand_new_hosue_for_sale_ph-9_town-54189311-1452-1.html
20000000.0,5.0,Marla,Lahore,Central,House,3.0,4.0,2020.0,0.0,0.0,0.0,0.0,0.0,https://www.zameen.com/Property/central_park_housing_scheme_central_park_-_block_b_prime_location_house_in_central_park_-_block_b_sized_5_marla_is_available-54248745-3685-1.html
41000000.0,10.0,Marla,Lahore,Central,House,3.0,4.0,2020.0,2.0,0.0,0.0,0.0,0.0,https://www.zameen.com/Property/central_park_housing_scheme_central_park_-_block_g_brand_new_10_marla_house_for_sale_in_central_park_-_block_g_lahore-54248744-3690-1.html
38000000.0,10.0,Marla,Lahore,Central,House,5.0,5.0,2020.0,0.0,0.0,0.0,0.0,0.0,https://www.zameen.com/Property/central_park_housing_scheme_central_park_-_block_g_a_prime_location_house_at_affordable_price_awaits_you-54248725-3690-1.html
31500000.0,12.0,Marla,Lahore,Central,House,5.0,6.0,2020.0,0.0,0.0,0.0,0.0,0.0,https://www.zameen.com/Property/lahore_central_park_housing_scheme_avail_yourself_a_great_prime_location_12_marla_house_in_central_park_housing_scheme-54248724-1013-1.html
40000000.0,10.0,Marla,Lahore,Central,House,5.0,6.0,2020.0,0.0,0.0,0.0,0.0,0.0,https://www.zameen.com/Property/central_park_housing_scheme_central_park_-_block_g_buy_a_facing_park_house_of_10_marla_in_central_park_-_block_g-54248723-3690-1.html
18000000.0,5.0,Marla,Lahore,Central,House,5.0,6.0,2020.0,0.0,0.0,0.0,0.0,0.0,https://www.zameen.com/Property/central_park_housing_scheme_central_park_-_block_e_a_stunning_prime_location_house_is_up_for_grabs_in_central_park_-_block_e_lahore-54248721-3688-1.html
42500000.0,10.0,Marla,Lahore,Dha Defe,House,3.0,4.0,2020.0,2.0,2.0,0.0,2026.0,0.0,https://www.zameen.com/Property/dha_defence_dha_phase_7_luxury_living_10_marla_beautiful_lush_bungalow_in_dha_phase_7_prime_location-54089837-1450-1.html
65000000.0,1.0,Kanal,Lahore,Central,House,4.0,5.0,2020.0,0.0,1.0,0.0,0.0,0.0,https://www.zameen.com/Property/central_park_housing_scheme_central_park_-_block_a1_prime_location_house_available_for_sale_in_central_park_-_block_a1-54248719-17927-1.html
85000000.0,1.0,Kanal,Lahore,Dha Defe,House,3.0,2.0,2020.0,4.0,0.0,0.0,0.0,2026.0,https://www.zameen.com/Property/dha_defence_dha_phase_7_1_kanal_out_standing_top_quality_modern_house_close_to_defense_raya-54005784-1450-1.html
46500000.0,10.0,Marla,Lahore,Dha Defe,House,5.0,6.0,2020.0,2.0,1.0,0.0,0.0,0.0,https://www.zameen.com/Property/dha_defence_dha_phase_7_luxury_modern_10_marla_house_available_in_dha_lahore-54090659-1450-1.html
25000000.0,5.0,Marla,Lahore,Sabzazar Scheme,House,5.0,6.0,2020.0,2.0,1.0,0.0,2.0,0.0,https://www.zameen.com/Property/lahore_sabzazar_scheme_5_marla_like_a_new_house_for_sale_in_sabzazar_near_to_main_orange_train_station-54112501-562-1.html
27000000.0,5.0,Marla,Lahore,Other,House,4.0,5.0,2020.0,0.0,0.0,0.0,0.0,2.0,https://www.zameen.com/Property/dha_11_rahbar_dha_11_rahbar_sector_2_5_marla_brand_new_corner_house_for_sale-54247679-3717-1.html
39500000.0,8.0,Marla,Lahore,Other,House,3.0,4.0,2020.0,0.0,1.0,0.0,2.0,0.0,https://www.zameen.com/Property/lahore_chaman_park_8_marla_triple_story_house_for_sale_in_chaman_park_naya_pull_canal_road_lahore-52994866-9747-1.html
11500000.0,640.0,Square Feet,Lahore,Other,House,7.0,8.0,2020.0,1.0,2.0,0.0,0.0,0.0,https://www.zameen.com/Property/lahore_gt_road_640_square_feet_half_triple_storey_house_for_sale_in_dhobi_ghaat_g_t_road_lahore-53479424-472-1.html
32500000.0,5.0,Marla,Lahore,Dha Defe,House,3.0,2.0,2020.0,1.0,0.0,0.0,2026.0,0.0,https://www.zameen.com/Property/dha_defence_dha_9_town_5-marla_brand_new_hosue_for_sae_ph-9_town_ultra_modren-54203168-1452-1.html
13500000.0,3.0,Marla,Lahore,Other,House,3.0,4.0,2020.0,0.0,0.0,0.0,0.0,0.0,https://www.zameen.com/Property/gt_road_al-ahmad_garden_housing_scheme_3_marla_corner_or_non_corner_pair_brand_house_for_sale-54035931-9707-1.html
26500000.0,5.0,Marla,Lahore,Dha Defe,House,3.0,4.0,2020.0,2.0,1.0,0.0,0.0,0.0,https://www.zameen.com/Property/dha_9_town_dha_9_town_-_block_a_5_marla_3_bed_room_house_available_for_sale_in_askari_11-54184749-8173-1.html
26000000.0,5.0,Marla,Lahore,Other,House,3.0,3.0,2020.0,0.0,0.0,0.0,0.0,0.0,https://www.zameen.com/Property/al_hafeez_gardens_al_hafeez_garden_-_phase_5_5_marla_turkish_style_house_for_sale-53919472-18829-1.html
34000000.0,7.0,Marla,Lahore,Other,House,4.0,5.0,2020.0,1.0,0.0,0.0,2026.0,2026.0,https://www.zameen.com/Property/al_rehman_garden_al_rehman_garden_phase_2_7marla_brand_new_house_for_sale_in_rehman_garden_prime_location_reasonable_price-54248921-4506-1.html
23000000.0,5.0,marla,Lahore,Other,House,5.0,5.0,2020.0,0.0,0.0,0.0,2026.0,2026.0,https://www.zameen.com/Property/al_rehman_garden_al_rehman_garden_phase_2_5marla_brand_new_house_for_sale_in_al_rehman_garden_phase2-54248919-4506-1.html
30000000.0,6.0,Marla,Lahore,Other,House,4.0,4.0,2020.0,1.0,0.0,0.0,2026.0,2026.0,https://www.zameen.com/Property/al_rehman_garden_al_rehman_garden_phase_2_hot_deal_6_marla_brand_new_house_for_sale_ideal_location_reasonable_demand-54248917-4506-1.html
30000000.0,6.0,Marla,Lahore,Other,House,5.0,5.0,2020.0,1.0,0.0,0.0,2.0,0.0,https://www.zameen.com/Property/al_rehman_garden_al_rehman_garden_phase_2_6_marla_semi_furnished_house_with_10kva_solar_for_sale_in_al_rehman_garden_phase_2_prime_location_near_joyland-54248916-4506-1.html
30000000.0,5.0,Marla,Lahore,Other,House,5.0,5.0,2020.0,8.0,1.0,0.0,2.0,0.0,https://www.zameen.com/Property/al_rehman_garden_al_rehman_garden_phase_2_5_marla_2_5_storey_house_for_sale_in_al_rehman_garden_solid_construction_prime_location-54248914-4506-1.html
40000000.0,10.0,Marla,Lahore,Other,House,5.0,5.0,2020.0,0.0,0.0,0.0,0.0,0.0,https://www.zameen.com/Property/al_rehman_garden_phase_2_al_rehman_phase_2_-_block_g_book_a_prime_location_10_marla_house_in_al_rehman_phase_2_-_block_g-54248912-12996-1.html
88000000.0,1.0,Kanal,Lahore,Dha Defe,House,4.0,5.0,2020.0,0.0,2025.0,2025.0,2025.0,0.0,https://www.zameen.com/Property/dha_defence_dha_phase_6_1_kanal_top_quality_build_luxurious_beautiful_modern_design_villa_with_basement_for_sale_in_dha_lahore_phase_6_prime_location_near_to_raya_20_kva_solar_with_green_metar-54248899-1448-1.html
220000000.0,2.0,Kanal,Lahore,Other,House,5.0,6.0,2020.0,0.0,0.0,0.0,0.0,0.0,https://www.zameen.com/Property/lahore_gulberg_2_kanal_house_for_sale_on_link_kasori_road_hussain_chowk_gulberg-40389685-7-1.html
80000000.0,1.0,Kanal,Lahore,Dha Defe,House,3.0,2.0,2020.0,0.0,2.0,0.0,4.0,0.0,https://www.zameen.com/Property/dha_defence_dha_phase_8_prime_location-54233703-1451-1.html
140000000.0,1.0,KANAL,Lahore,Dha Defe,House,5.0,5.0,2020.0,0.0,0.0,2024.0,0.0,0.0,https://www.zameen.com/Property/dha_defence_dha_phase_7_fully_furnished_1_kanal_ultra_modern_super_luxury_bungalow_is_available_in_the_best_block_of_dha_lahore-54179488-1450-1.html
27500000.0,10.0,Marla,Lahore,Other,House,6.0,6.0,2020.0,0.0,0.0,0.0,0.0,0.0,https://www.zameen.com/Property/harbanspura_aamir_town_10_marla_single_storey_house_for_sale_in_amir_town_harbanspura_lahore-53451068-3879-1.html
24500000.0,5.0,Marla,Lahore,Other,House,3.0,3.0,2020.0,0.0,0.0,0.0,1.0,0.0,https://www.zameen.com/Property/johar_town_phase_1_johar_town_phase_1_-_block_a1_beautifull_facing_park_double_story_house_for_sale-54247632-3939-1.html
17000000.0,5.0,Marla,Lahore,Park Vie,House,4.0,5.0,2020.0,1.0,1.0,0.0,0.0,0.0,https://www.zameen.com/Property/lahore_park_view_city_3_years_installment_plan_luxury_5_marla_brand_new_house_in_park_view_city_lahore-54081890-1466-1.html
16500000.0,5.0,Marla,Lahore,Park Vie,House,4.0,5.0,2020.0,1.0,1.0,0.0,0.0,0.0,https://www.zameen.com/Property/lahore_park_view_city_3_years_installment_plan_luxury_5_marla_brand_new_house_in_park_view_city_lahore-54081851-1466-1.html
47500000.0,10.0,Marla,Lahore,Dha Defe,House,4.0,5.0,2020.0,0.0,1.0,0.0,0.0,0.0,https://www.zameen.com/Property/dha_defence_dha_phase_8_brand_new_4_beds_10_marla_modern_house_for_sale_in_eden_city_dha_phase_8_lahore-52036364-1451-1.html
47500000.0,10.0,Marla,Lahore,Other,House,4.0,5.0,2020.0,1.0,1.0,0.0,0.0,0.0,https://www.zameen.com/Property/eden_eden_city_brand_new_4_beds_10_marla_modern_house_for_sale_in_eden_city_dha_phase_8_lahore-52044821-409-1.html
48000000.0,10.0,Marla,Lahore,Other,House,4.0,5.0,2020.0,2.0,0.0,0.0,2026.0,2026.0,https://www.zameen.com/Property/gt_road_bismillah_housing_scheme_10_marla_modren_design_house_for_sale-54002937-8446-1.html
41000000.0,1688.0,Square Feet,Lahore,Other,House,6.0,6.0,2020.0,0.0,0.0,1.0,2.0,0.0,https://www.zameen.com/Property/faisal_town_faisal_town_-_block_d_a_1688_square_feet_house_has_landed_on_market_in_faisal_town_-_block_d_of_lahore-54234204-3759-1.html
44000000.0,10.0,Marla,Lahore,Other,House,5.0,5.0,2020.0,0.0,1.0,0.0,2.0,0.0,https://www.zameen.com/Property/nawab_town_nawab_town_-_block_d_buying_a_house_in_nawab_town_-_block_d_lahore-54062530-14884-1.html
61000000.0,1.0,Kanal,Lahore,Formanit,House,6.0,6.0,2020.0,3.0,1.0,0.0,0.0,0.0,https://www.zameen.com/Property/formanites_housing_scheme_formanites_housing_scheme_-_block_m_centrally_located_prime_location_house_in_formanites_housing_scheme_-_block_m_is_available_for_sale-51805883-3785-1.html
12500000.0,3.0,Marla,Lahore,Formanit,House,6.0,6.0,2020.0,0.0,1.0,0.0,2.0,0.0,https://www.zameen.com/Property/lahore_formanites_housing_scheme_3_beds_3_marla_brand_new_luxury_house_for_sale_in_formanites_housing_scheme_lahore-51887175-1020-1.html
12000000.0,3.0,Marla,Lahore,Formanit,House,3.0,4.0,2020.0,3.0,1.0,0.0,2.0,0.0,https://www.zameen.com/Property/lahore_formanites_housing_scheme_3_beds_3_marla_brand_new_luxury_house_for_sale_in_formanites_housing_scheme_lahore-52045419-1020-1.html
41500000.0,10.0,Marla,Lahore,Formanit,House,3.0,4.0,2020.0,2.0,1.0,0.0,2.0,0.0,https://www.zameen.com/Property/formanites_housing_scheme_formanites_housing_scheme_-_block_m_ready_to_sale_a_prime_location_house_10_marla_in_formanites_housing_scheme_-_block_m_lahore-54136621-3785-1.html
39000000.0,10.0,Marla,Lahore,Formanit,House,5.0,5.0,2020.0,2.0,1.0,1.0,2.0,0.0,https://www.zameen.com/Property/formanites_housing_scheme_formanites_housing_scheme_-_block_n_this_is_your_chance_to_buy_prime_location_house_in_formanites_housing_scheme_-_block_n-54136622-3786-1.html
44000000.0,10.0,Marla,Lahore,Formanit,House,5.0,5.0,2020.0,2.0,0.0,0.0,2.0,2.0,https://www.zameen.com/Property/formanites_housing_scheme_formanites_housing_scheme_-_block_i_10_marla_house_is_available_for_sale_in_formanites_housing_scheme_block_i_lahore-54136625-3781-1.html
20000000.0,5.0,Marla,Lahore,Park Vie,House,5.0,6.0,2020.0,5.0,1.0,0.0,0.0,0.0,https://www.zameen.com/Property/lahore_park_view_city_3_years_installments_plan_5_marla_brand_new_house_for_sale_in_park_view_city-54239173-1466-1.html
97500000.0,1.0,KANAL,Lahore,Dha Defe,House,5.0,6.0,2020.0,4.0,2026.0,2026.0,2026.0,0.0,https://www.zameen.com/Property/dha_phase_6_dha_phase_6_-_block_l_1_kanal_most_elegant_modern_design_bungalow_for_sale_in_dha_phase_6_luxury_living-53075391-1620-1.html
30000000.0,10.0,Marla,Lahore,Bahria T,House,5.0,6.0,2020.0,2.0,1.0,0.0,0.0,0.0,https://www.zameen.com/Property/bahria_town_sector_c_bahria_town_-_jasmine_block_designer_house_for_sale_in_jasmine_block_sector_c_bahria_town_lahore-49828977-1786-1.html
17500000.0,5.0,Marla,Lahore,Park Vie,House,5.0,6.0,2020.0,1.0,0.0,0.0,2.0,2026.0,https://www.zameen.com/Property/park_view_city_park_view_city_-_platinum_block_book_a_on_excellent_location_5_marla_house_in_park_view_city_-_platinum_block-54183350-16617-1.html
32500000.0,10.0,Marla,Lahore,Bankers Town,House,4.0,4.0,2020.0,0.0,0.0,0.0,0.0,2025.0,https://www.zameen.com/Property/lahore_bankers_avenue_cooperative_housing_society_10_marla_beautiful_modern_furnished_house_for_sale_in_bankers_avenue_co-operative_housing_society_top_location-53750612-8325-1.html
40000000.0,10.0,Marla,Lahore,Bankers Town,House,5.0,6.0,2020.0,0.0,0.0,0.0,1.0,0.0,https://www.zameen.com/Property/lahore_bankers_avenue_cooperative_housing_society_10_marla_house_for_sale-53824719-8325-1.html
37000000.0,10.0,Marla,Lahore,Bankers Town,House,5.0,5.0,2020.0,2.0,1.0,0.0,2.0,0.0,https://www.zameen.com/Property/lahore_bankers_avenue_cooperative_housing_society_10_marla_new_luxury_house_for_sale-53674259-8325-1.html
31500000.0,10.0,Marla,Lahore,Park Vie,House,5.0,6.0,2020.0,0.0,1.0,0.0,0.0,0.0,https://www.zameen.com/Property/lahore_park_view_city_3_years_installment_plan_luxury_10_marla_brand_new_house_in_park_view_city_lahore-53589733-1466-1.html
21000000.0,8.0,Marla,Lahore,Other,House,5.0,6.0,2020.0,0.0,0.0,0.0,0.0,0.0,https://www.zameen.com/Property/marghzar_officers_colony_marghzar_officers_colony_-_block_r_8_marla_double_story_sami_commercial_house_at_jut_chowk_near_margazar-54247037-4024-1.html
130000000.0,1.0,Kanal,Lahore,Other,House,4.0,5.0,2020.0,2.0,0.0,0.0,0.0,0.0,https://www.zameen.com/Property/township_township_-_sector_a1_1_kanal_double_storey_commercial_house_for_sale-54214917-4254-1.html
18500000.0,3.5,Marla,Lahore,Sabzazar Scheme,House,5.0,5.0,2020.0,1.0,1.0,0.0,0.0,0.0,https://www.zameen.com/Property/sabzazar_scheme_sabzazar_scheme_-_block_p_3_5_marla_vip_house_for_sale-53397154-4178-1.html
27500000.0,5.0,Marla,Lahore,Sabzazar Scheme,House,3.0,4.0,2020.0,1.0,1.0,0.0,0.0,0.0,https://www.zameen.com/Property/sabzazar_scheme_sabzazar_scheme_-_block_l_5_marla_vip_brand_new_house_for_sale-53900423-4175-1.html
8500000.0,3.0,Marla,Lahore,Other,House,6.0,7.0,2020.0,1.0,1.0,0.0,0.0,0.0,https://www.zameen.com/Property/lahore_green_cap_housing_society_3_marla_house_for_sale_in_green_cap_housing_society-54140911-8150-1.html
26500000.0,7.0,Marla,Lahore,Other,House,3.0,3.0,2020.0,0.0,0.0,0.0,2.0,0.0,https://www.zameen.com/Property/lahore_green_cap_housing_society_your_search_for_house_in_green_cap_housing_society_ends_here-54140913-8150-1.html
112500000.0,1.0,Kanal,Lahore,Dha Defe,House,6.0,6.0,2020.0,4.0,2.0,0.0,0.0,0.0,https://www.zameen.com/Property/dha_phase_5_dha_phase_5_-_block_h_with_extra_land_corner_villa_near_park-52579885-1605-1.html
21000000.0,5.0,Marla,Lahore,Sabzazar Scheme,House,5.0,7.0,2020.0,1.0,1.0,0.0,2.0,0.0,https://www.zameen.com/Property/lahore_sabzazar_scheme_5_marla_vvip_house_for_sale_in_hot_location_golden_chance_for_investment-53181122-562-1.html
8500000.0,2.25,Marla,Lahore,Other,House,6.0,6.0,2020.0,0.0,0.0,1.0,1.0,0.0,https://www.zameen.com/Property/allama_iqbal_town_allama_iqbal_town_-_zeenat_block_2_25_marla_brand_new_house_for_sale_opposite_to_iqbal_town_zeenat_block_near_to_orange_train_station_fori_rabta_keray-54224991-3537-1.html
9000000.0,3.0,Marla,Lahore,Other,House,3.0,3.0,2020.0,2.0,2.0,0.0,0.0,0.0,https://www.zameen.com/Property/lahore_al_haram_garden_3_marla_brand_new_half_double_storey_spanish_house_for_sale-54248962-9212-1.html
9000000.0,3.0,Marla,Lahore,Other,House,3.0,3.0,2020.0,3.0,1.0,0.0,0.0,2012.0,https://www.zameen.com/Property/al_haram_garden_al_haram_garden_-_block_b_a_facing_park_house_at_affordable_price_awaits_you-54248961-15997-1.html
66900000.0,12.0,Marla,Lahore,Raiwind,House,6.0,6.0,2020.0,0.0,1.0,0.0,2026.0,2026.0,https://www.zameen.com/Property/lake_city_lake_city_-_sector_m-3a_12_marla_ultra_modern_designer_house_for_sale_in_lake_city_sector_m3-a-53906348-4003-1.html
25000000.0,5.0,Marla,Lahore,Dha Defe,House,5.0,7.0,2020.0,4.0,0.0,0.0,0.0,0.0,https://www.zameen.com/Property/dha_defence_dha_9_town_5_marla_brand_new_ultra_modern_design_house_for_sale_top_location-54047383-1452-1.html
34500000.0,9.0,Marla,Lahore,Bankers Town,House,3.0,1.0,2020.0,0.0,1.0,0.0,2025.0,0.0,https://www.zameen.com/Property/lahore_bankers_avenue_cooperative_housing_society_9_marla_luxury_house_for_sale_bankers_avenue_cooperative_housing_society_main_bedian_road_lahore-53836716-8325-1.html
53000000.0,10.0,Marla,Lahore,Raiwind,House,5.0,5.0,2020.0,0.0,1.0,0.0,2.0,2.0,https://www.zameen.com/Property/lake_city_lake_city_-_sector_m-2a_10_marla_brand_new_house_available_for_sale_in_lake_city_sector_m2a-53484907-4002-1.html
25500000.0,5.0,Marla,Lahore,Sabzazar Scheme,House,4.0,4.0,2020.0,1.0,0.0,0.0,0.0,0.0,https://www.zameen.com/Property/sabzazar_scheme_sabzazar_scheme_-_block_p_5_marla_vip_house_for_sale-54091725-4178-1.html
249500000.0,2.0,Kanal,Lahore,Dha Defe,House,5.0,6.0,2020.0,6.0,3.0,0.0,3.0,0.0,https://www.zameen.com/Property/dha_defence_dha_phase_6_task_estate_offer_2_kanal_banglow_for_sale_near_to_dha_raya_phase_6_hot_location-53726576-1448-1.html
147500000.0,2.0,Kanal,Lahore,Dha Defe,House,6.0,7.0,2020.0,6.0,3.0,0.0,0.0,2015.0,https://www.zameen.com/Property/dha_defence_dha_phase_2_task_estate_offer_2_kanal_luxury_banglow_for_sale_70ft_road_in_dha_phase_02-53731312-1444-1.html
96500000.0,1.0,Kanal,Lahore,Dha Defe,House,5.0,6.0,2020.0,4.0,2026.0,2026.0,0.0,2026.0,https://www.zameen.com/Property/dha_defence_dha_phase_7_task_est_offer_1_kanal_brand_new_designer_house_for_sale_in_phase_7_dha-54107411-1450-1.html
125000000.0,1.0,Kanal,Lahore,Dha Defe,House,5.0,6.0,2020.0,4.0,2026.0,2026.0,2026.0,0.0,https://www.zameen.com/Property/dha_defence_dha_phase_6_task_est_offer_1_kanal_brand_new_full_furnished_designer_house_near_raya_for_sale_in_phase_6_dha-54146730-1448-1.html
81500000.0,1.0,KANAL,Lahore,Dha Defe,House,5.0,6.0,2020.0,4.0,1.0,0.0,0.0,0.0,https://www.zameen.com/Property/dha_defence_dha_phase_6_1_kanal_brand_new_ultra_modern_design_house_for_sale_in_dha_phase_6-53004762-1448-1.html
77500000.0,1.0,KANAL,Lahore,Dha Defe,House,5.0,6.0,2020.0,4.0,2026.0,0.0,0.0,0.0,https://www.zameen.com/Property/dha_defence_dha_phase_8_1_kanal_brand_new_ultra_modern_design_house_for_sale_in_dha_phase_8-53004831-1451-1.html
38000000.0,10.0,Marla,Lahore,Sabzazar Scheme,House,5.0,6.0,2020.0,2.0,0.0,0.0,2.0,0.0,https://www.zameen.com/Property/lahore_sabzazar_scheme_10_marla_house_for_sale_golden_chance_for_investors_near_to_orange_train_station_near_to_all_opportunities-53629736-562-1.html
23000000.0,3.5,Marla,Lahore,Sabzazar Scheme,House,5.0,6.0,2020.0,3.0,1.0,0.0,2.0,0.0,https://www.zameen.com/Property/lahore_sabzazar_scheme_3_5_marla_spanish_brand_new_house_for_sale_in_hot_location_near_to_orange_line_station-52549565-562-1.html
24200000.0,5.0,Marla,Lahore,Sabzazar Scheme,House,4.0,5.0,2020.0,0.0,1.0,0.0,2.0,0.0,https://www.zameen.com/Property/lahore_sabzazar_scheme_5_marla_like_a_new_house_for_sale_in_sabzazar_hot_location_walking_distance_to_main_fori_rabta_keray-53542801-562-1.html
20000000.0,5.0,Marla,Lahore,Other,House,5.0,6.0,2020.0,1.0,2.0,0.0,0.0,2029.0,https://www.zameen.com/Property/college_road_eden_boulevard_housing_scheme_5_marla_brand_new_house-53610527-12447-1.html
52500000.0,1.0,kanal,Lahore,Other,House,4.0,5.0,2020.0,0.0,1.0,1.0,2.0,0.0,https://www.zameen.com/Property/punjab_govt_employees_society_pgechs_phase_2_1_kanal_house_for_sale-54080501-4432-1.html
92500000.0,1.0,Kanal,Lahore,Dha Defe,House,6.0,6.0,2020.0,4.0,2024.0,2024.0,2024.0,0.0,https://www.zameen.com/Property/dha_defence_dha_phase_6_1_kanal_brand_new_magnificent_designer_house_for_sale-51662636-1448-1.html
95500000.0,1.0,Kanal,Lahore,Dha Defe,House,5.0,6.0,2020.0,4.0,2.0,0.0,0.0,0.0,https://www.zameen.com/Property/dha_defence_dha_phase_7_exclusive_1_kanal_modern_masterpiece_full_basement_swimming_pool_prime_dha_phase_7-52353337-1450-1.html
16000000.0,5.0,Marla,Lahore,Park Vie,House,2.0,3.0,2020.0,0.0,1.0,0.0,0.0,0.0,https://www.zameen.com/Property/park_view_city_park_view_city_-_crystal_block_brand_new_5_marla_house_available_in_park_view_city-53541985-17960-1.html
27000000.0,5.0,Marla,Lahore,Dha Defe,House,3.0,4.0,2020.0,2026.0,0.0,0.0,2026.0,0.0,https://www.zameen.com/Property/dha_defence_dha_9_town_5_marla_ultra_modern_luxury_house_for_sale_dha_phase_9_town-54031842-1452-1.html
24000000.0,5.0,Marla,Lahore,Dha Defe,House,3.0,4.0,2020.0,2.0,0.0,0.0,0.0,0.0,https://www.zameen.com/Property/dha_defence_dha_9_town_prime_location_5_marla_house_for_sale_in_beautiful_dha_9_town_-_top_of_the_line-53982204-1452-1.html
72500000.0,1.0,KANAL,Lahore,Dha Defe,House,4.0,4.0,2020.0,4.0,0.0,0.0,2026.0,2026.0,https://www.zameen.com/Property/dha_defence_dha_phase_8_1_kanal_brand_new_house_for_sale_in_dha_ph_8-54245866-1451-1.html
88500000.0,1.0,Kanal,Lahore,Dha Defe,House,5.0,6.0,2020.0,4.0,2.0,0.0,2025.0,0.0,https://www.zameen.com/Property/dha_defence_dha_phase_6_near_dha_raya_1_kanal_beautiful_modern_design_bungalow_for_sale_at_prime_location_of_dha-53512575-1448-1.html
190000000.0,2.0,Kanal,Lahore,Dha Defe,House,5.0,6.0,2020.0,12.0,4.0,0.0,0.0,2019.0,https://www.zameen.com/Property/dha_defence_dha_phase_1_task_est_offer_2_kanal_slightly_used_bungalow_good_location_reasonable_price_in_dha_phase_1-54036649-1442-1.html
12000000.0,2.0,Marla,Lahore,Other,House,7.0,7.0,2020.0,0.0,0.0,1.0,2.0,0.0,https://www.zameen.com/Property/lahore_tajpura_affordable_house_of_2_marla_is_available_for_sale-54244466-760-1.html
26000000.0,5.0,Marla,Lahore,Other,House,3.0,3.0,2020.0,1.0,0.0,0.0,2.0,0.0,https://www.zameen.com/Property/al_hafeez_gardens_al_hafeez_garden_-_phase_5_prime_location_5_marla_spacious_house_available_in_al_hafeez_garden_-_phase_5_for_sale-54244152-18829-1.html
52500000.0,1.0,Kanal,Lahore,Other,House,4.0,5.0,2020.0,3.0,1.0,1.0,2.0,0.0,https://www.zameen.com/Property/iep_engineers_town_sector_a_iep_engineers_town_-_block_e1_prime_location_house_in_iep_engineers_town_-_block_e1_for_sale-54244810-3896-1.html
30000000.0,8.0,Marla,Lahore,Other,House,5.0,6.0,2020.0,0.0,0.0,0.0,2.0,0.0,https://www.zameen.com/Property/lahore_bahria_orchard_8_marla_elite_a-plus_quality_designer_house_for_sale_in_best_block_of_bahria_orchard_lahore-54132448-1474-1.html
24000000.0,5.0,Marla,Lahore,Other,House,5.0,5.0,2020.0,2.0,1.0,0.0,0.0,0.0,https://www.zameen.com/Property/eden_eden_boulevard_5_marla_brand_new_house-53458478-8328-1.html
27000000.0,10.0,Marla,Lahore,Other,House,5.0,6.0,2020.0,0.0,1.0,0.0,0.0,0.0,https://www.zameen.com/Property/harbanspura_aamir_town_10_marla_single_storey_with_basement_house_for_sale_in_amir_town_harbanspura_lahore-49633723-3879-1.html
13000000.0,4.0,Marla,Lahore,Other,House,2.0,3.0,2020.0,1.0,0.0,0.0,0.0,1.0,https://www.zameen.com/Property/harbanspura_moeez_town_4_marla_double_storey_house_for_sale_in_moeez_town_salamat_pura_lahore-47667116-3878-1.html
8800000.0,3.0,Marla,Lahore,Other,House,3.0,4.0,2020.0,0.0,0.0,0.0,2.0,0.0,https://www.zameen.com/Property/lahore_manawan_3_marla_double_storey_house_for_sale_in_g_t_road_manawan_lahore-53244535-9282-1.html
32000000.0,10.0,Marla,Lahore,Formanit,House,3.0,4.0,2020.0,0.0,1.0,0.0,0.0,0.0,https://www.zameen.com/Property/lahore_formanites_housing_scheme_4_beds_10_marla_double_storey_brand_new_house_for_sale_formanites_housing_scheme_lahore-51508723-1020-1.html
23000000.0,5.0,Marla,Lahore,Formanit,House,4.0,5.0,2020.0,0.0,1.0,0.0,0.0,2024.0,https://www.zameen.com/Property/formanites_housing_scheme_formanites_housing_scheme_-_block_m_5_marla_house_is_available_for_sale_in_formanites_housing_scheme_block_m_lahore-54136624-3785-1.html
170000000.0,3.0,Kanal,Lahore,Other,House,3.0,4.0,2020.0,6.0,3.0,0.0,2026.0,0.0,https://www.zameen.com/Property/lahore_valencia_housing_society_3_kanal_owner_built_modern_design_house_for_sale_in_valencia_town-54244775-373-1.html
55000000.0,10.0,Marla,Lahore,Dha Defe,House,6.0,6.0,2020.0,2.0,0.0,2025.0,2025.0,0.0,https://www.zameen.com/Property/dha_defence_dha_phase_5_10-marla_house_for_sale_at_super_hot_location_near_jalal_sons_wateen_chowk-53573057-1447-1.html
34000000.0,9.0,MARLA,Lahore,Bankers Town,House,4.0,5.0,2020.0,0.0,0.0,0.0,0.0,0.0,https://www.zameen.com/Property/lahore_bankers_avenue_cooperative_housing_society_bankers_avenue_9_marla_brand_new_house_for_sale-53270019-8325-1.html
18500000.0,5.0,Marla,Lahore,Bahria T,House,4.0,5.0,2020.0,0.0,0.0,0.0,0.0,0.0,https://www.zameen.com/Property/bahria_town_sector_e_bahria_town_-_jinnah_block_5_marla_house_for_sale_in_jinnah_block_bahria_town_lahore-54240892-1804-1.html
62000000.0,9.0,Marla,Lahore,Dha Defe,House,3.0,4.0,2020.0,2.0,0.0,1.0,2.0,2.0,https://www.zameen.com/Property/dha_phase_4_dha_phase_4_-_block_kk_find_your_ideal_house_in_lahore_under_rs_62000000-54245814-17171-1.html
31000000.0,5.0,Marla,Lahore,Raiwind,House,6.0,6.0,2020.0,0.0,1.0,0.0,2.0,0.0,https://www.zameen.com/Property/raiwind_road_lake_city_5_marla_house_available_for_sale_at_hot_location_of_m-7b-53977340-1103-1.html
43000000.0,10.0,Marla,Lahore,Central,House,4.0,5.0,2020.0,3.0,1.0,0.0,2026.0,2026.0,https://www.zameen.com/Property/central_park_housing_scheme_central_park_-_block_e_10_marla_beautiful_ultra_modern_house_for_sale-53891851-3688-1.html
125000000.0,1.0,KANAL,Lahore,Raiwind,House,5.0,6.0,2020.0,24.0,2.0,1.0,2.0,0.0,https://www.zameen.com/Property/lake_city_lake_city_-_sector_m-3_1_kanal_house_with_basement_for_sale_in_lake_city-54170272-8346-1.html
46500000.0,10.0,Marla,Lahore,Dha Defe,House,6.0,7.0,2020.0,2.0,1.0,2026.0,2026.0,0.0,https://www.zameen.com/Property/dha_phase_4_dha_phase_4_-_block_kk_10-marla_slightly_used_house_for_sale_at_hot_location_close_to_ring_road_and_gold_creast_mall-54189142-17171-1.html
46000000.0,13.0,Marla,Lahore,Other,House,4.0,5.0,2020.0,0.0,1.0,0.0,3.0,0.0,https://www.zameen.com/Property/johar_town_johar_town_phase_1_beautiful_corner_double_storey_house_on_50_feet_road_2_car_porch-54049766-3937-1.html
21000000.0,6.0,Marla,Lahore,Other,House,5.0,6.0,2020.0,0.0,1.0,0.0,2.0,0.0,https://www.zameen.com/Property/lahore_salamatpura_6_marla_double_storey_house_for_sale_in_islam_park_orange_line_station_g_t_road_lahore-53891546-4501-1.html
55500000.0,10.0,Marla,Lahore,Dha Defe,House,4.0,5.0,2020.0,3.0,2.0,0.0,0.0,0.0,https://www.zameen.com/Property/dha_defence_dha_phase_7_10_marla_house_for_sale_in_dha_phase_7-54144931-1450-1.html
42000000.0,10.0,Marla,Lahore,Other,House,4.0,6.0,2020.0,0.0,0.0,0.0,0.0,4.0,https://www.zameen.com/Property/lahore_chaman_park_10_marla_half_triple_storey_with_basement_house_for_sale_in_chaman_park_naya_pull_canal_road_lahore-54152399-9747-1.html
21500000.0,5.0,MARLA,Lahore,Other,House,3.0,6.0,2020.0,0.0,1.0,0.0,2.0,0.0,https://www.zameen.com/Property/nasheman_e_iqbal_nasheman-e-iqbal_phase_2_5_marla_brand_new_double_story_house_for_sale_in_nasheman_iqbal_phase_2_also_bank_loan_available_college_road_lahore-54219214-4071-1.html
24000000.0,5.0,Marla,Lahore,Other,House,5.0,6.0,2020.0,1.0,0.0,0.0,2.0,1.0,https://www.zameen.com/Property/eden_boulevard_housing_scheme_eden_boulevard_-_block_c_ready_to_buy_a_prime_location_house_in_eden_boulevard_-_block_c_lahore-54244750-12450-1.html
29000000.0,10.0,Marla,Lahore,Bahria T,House,3.0,4.0,2020.0,0.0,1.0,0.0,0.0,2026.0,https://www.zameen.com/Property/bahria_town_sector_c_bahria_town_-_jasmine_block_10_marla_residential_house_for_sale_in_jasmine_block_with_gas_nearby_commercial_market_school_mosque_and_health_care_canter-54122762-1786-1.html
83000000.0,20.0,Marla,Lahore,Other,House,5.0,6.0,2020.0,4.0,1.0,0.0,2.0,0.0,https://www.zameen.com/Property/askari_askari_11_20_marla_house_for_sale_in_askari_11_lahore-54216572-1503-1.html
47500000.0,10.0,Marla,Lahore,Other,House,4.0,5.0,2020.0,2.0,1.0,1.0,1.0,1.0,https://www.zameen.com/Property/askari_askari_11_house_sized_10_marla_is_available_for_sale_in_askari_11-54216569-1503-1.html
18000000.0,5.0,MARLA,Lahore,Other,House,3.0,3.0,2020.0,0.0,1.0,0.0,0.0,0.0,https://www.zameen.com/Property/al_rehman_garden_al_rehman_garden_phase_2_5_marla_house_for_sale-51217776-4506-1.html
45000000.0,10.0,Marla,Lahore,Bahria T,House,4.0,6.0,2020.0,2.0,1.0,0.0,0.0,2025.0,https://www.zameen.com/Property/bahria_town_overseas_enclave_bahria_town_-_overseas_b_10_marla_ultra_advance_modern_smart_features_designer_brand_new_house_available_for_sale_meeting_with_direct_owner-53975485-1813-1.html
135000000.0,1.0,Kanal,Lahore,Other,House,5.0,6.0,2020.0,0.0,1.0,0.0,2.0,0.0,https://www.zameen.com/Property/model_town_model_town_-_block_g_one_kanal_like_brand_new_fully_furnished_house_available_for_sale_straight_road_43_feet_front-54198519-1553-1.html
17000000.0,3.0,Marla,Lahore,Other,House,5.0,6.0,2020.0,0.0,0.0,0.0,3.0,3.0,https://www.zameen.com/Property/marghzar_officers_colony_80_feet_road_a_palatial_residence_for_sale_in_80_feet_road_lahore-54229738-22585-1.html
42000000.0,10.0,Marla,Lahore,Other,House,4.0,4.0,2020.0,5.0,1.0,0.0,2.0,0.0,https://www.zameen.com/Property/lahore_punjab_coop_housing_society_corner_property_for_sale_in_punjab_coop_housing_society_punjab_coop_housing_society_is_available_under_rs_42000000-54239789-456-1.html
21900000.0,5.0,Marla,Lahore,Dha Defe,House,5.0,6.0,2020.0,2.0,1.0,2026.0,2026.0,0.0,https://www.zameen.com/Property/dha_defence_dha_9_town_5-marla_house_for_sale_at_hot_location_near_park_commercial-54239399-1452-1.html
46500000.0,10.0,Marla,Lahore,Dha Defe,House,3.0,4.0,2020.0,2.0,2.0,2026.0,2026.0,0.0,https://www.zameen.com/Property/dha_phase_8_dha_phase_8_-_ex_air_avenue_10-marla_luxury_modern_house_for_sale_at_top_location_near_park_commercial_and_mosque-54152261-407-1.html
25000000.0,5.0,Marla,Lahore,Dha Defe,House,4.0,5.0,2020.0,1.0,1.0,0.0,2.0,0.0,https://www.zameen.com/Property/dha_defence_dha_phase_6_a_home_that_defines_modern_luxury_elegant_5_marla_house_in_dha_phase_6_lahore-54247605-1448-1.html
23500000.0,5.0,Marla,Lahore,Dha Defe,House,3.0,4.0,2020.0,2.0,0.0,0.0,0.0,0.0,https://www.zameen.com/Property/dha_defence_dha_9_town_luxury_redefined_ultra-modern_fully_designer_5_marla_house_in_dha_phase_9_town_lahore-54082825-1452-1.html
55000000.0,10.0,Marla,Lahore,Dha Defe,House,3.0,4.0,2020.0,3.0,1.0,0.0,0.0,0.0,https://www.zameen.com/Property/dha_defence_dha_phase_5_original_pictures_premium_10_marla_house_for_sale_in_dha_phase_5_lahore_prime_location-54055134-1447-1.html
24500000.0,5.0,Marla,Lahore,Dha Defe,House,4.0,5.0,2020.0,1.0,1.0,1.0,1.0,0.0,https://www.zameen.com/Property/dha_defence_dha_phase_7_hall_in_basement_designer_villa-52714314-1450-1.html
24500000.0,5.0,Marla,Lahore,Dha Defe,House,3.0,4.0,2020.0,1.0,1.0,0.0,0.0,0.0,https://www.zameen.com/Property/dha_defence_dha_9_town_100_org_add_5_marla_house_for_sale_in_dha_near_park_mosque_prime_location-52818008-1452-1.html
21500000.0,5.0,Marla,Lahore,Formanit,House,3.0,4.0,2020.0,1.0,1.0,0.0,0.0,0.0,https://www.zameen.com/Property/formanites_housing_scheme_formanities_housing_scheme_-_block_mm_prime_location_5_marla_house_is_available_in_formanities_housing_scheme_-_block_mm-54136644-20931-1.html
22500000.0,5.0,Marla,Lahore,Formanit,House,4.0,5.0,2020.0,1.0,1.0,0.0,0.0,0.0,https://www.zameen.com/Property/lahore_formanites_housing_scheme_prime_location_house_for_sale_in_formanites_housing_scheme-54136646-1020-1.html
20000000.0,5.0,Marla,Lahore,Formanit,House,3.0,4.0,2020.0,3.0,1.0,0.0,0.0,0.0,https://www.zameen.com/Property/lahore_formanites_housing_scheme_3_beds_5_marla_double_storey_brand_new_house_for_sale_formanites_housing_scheme_lahore-54136672-1020-1.html
17000000.0,5.0,Marla,Lahore,Formanit,House,3.0,4.0,2020.0,4.0,1.0,0.0,0.0,0.0,https://www.zameen.com/Property/lahore_formanites_housing_scheme_3_beds_5_marla_double_storey_brand_new_house_for_sale_formanites_housing_scheme_lahore-54136676-1020-1.html
13000000.0,3.0,Marla,Lahore,Formanit,House,3.0,4.0,2020.0,0.0,0.0,0.0,1.0,0.0,https://www.zameen.com/Property/formanites_housing_scheme_formanities_housing_scheme_-_block_y_3_marla_house_is_available_for_sale_in_formanites_housing_scheme_block_y_lahore-54213824-20933-1.html
19000000.0,5.0,Marla,Lahore,Formanit,House,3.0,3.0,2020.0,4.0,2.0,1.0,1.0,0.0,https://www.zameen.com/Property/lahore_formanites_housing_scheme_5_marla_house_opposite_dha_phase_5_extension_m_block_house_for_sale-50039219-1020-1.html
22500000.0,5.0,Marla,Lahore,Formanit,House,4.0,5.0,2020.0,1.0,1.0,0.0,0.0,0.0,https://www.zameen.com/Property/formanites_housing_scheme_formanities_housing_scheme_-_block_mm_stunning_and_affordable_prime_location_house_available_for_sale_in_formanites_housing_scheme_-_block_mm-51434279-20931-1.html
65000000.0,1.0,KANAL,Lahore,Other,House,5.0,6.0,2020.0,4.0,0.0,0.0,0.0,0.0,https://www.zameen.com/Property/lahore_valencia_housing_society_1_kanal_brand_new_ultra_modern_design_house_for_sale-54234415-373-1.html
75500000.0,1.0,KANAL,Lahore,Dha Defe,House,6.0,6.0,2020.0,4.0,2.0,0.0,0.0,0.0,https://www.zameen.com/Property/dha_phase_7_dha_phase_7_-_block_u_1_kanal_most_elegant_modern_design_luxury_fully_furnished_bungalow_for_sale-53577557-1628-1.html
87000000.0,1.0,Kanal,Lahore,Dha Defe,House,5.0,6.0,2020.0,4.0,2.0,0.0,0.0,0.0,https://www.zameen.com/Property/dha_phase_6_dha_phase_6_-_block_e_1_kanal_brand_new_beautiful_design_bungalow_for_sale_prime_location_of_dha-51777533-1614-1.html
60000000.0,12.0,Marla,Lahore,Raiwind,House,5.0,5.0,2020.0,0.0,1.0,0.0,0.0,0.0,https://www.zameen.com/Property/raiwind_road_lake_city_12_marla_brand_new_house_for_sale_in_lake_city_raiwind_road_lahore-53952241-1103-1.html
98500000.0,1.0,Kanal,Lahore,Dha Defe,House,6.0,6.0,2020.0,0.0,3.0,0.0,2026.0,0.0,https://www.zameen.com/Property/dha_defence_dha_phase_8_1_kanal_ultra-modern_mansion_on_100_feet_road_with_cinema_with_rooftop_garden_solar_private_office_a_rare_gem_in_the_current_market-54174372-1451-1.html
10900000.0,3.0,Marla,Lahore,Raiwind,House,5.0,6.0,2020.0,0.0,1.0,0.0,0.0,2025.0,https://www.zameen.com/Property/al_kabir_town_al-kabir_town_-_phase_2_3_marla_brand_new_house_for_sale_in_al-kabir_town_phase_2-53168982-11704-1.html
22000000.0,5.0,Marla,Lahore,Dha Defe,House,3.0,4.0,2020.0,0.0,0.0,2026.0,2026.0,0.0,https://www.zameen.com/Property/dha_defence_dha_9_town_outstanding_5_marla_property_in_dha_phase_9_town_perfect_blend_of_comfort_investment_value-54147668-1452-1.html
77500000.0,1.0,Kanal,Lahore,Dha Defe,House,3.0,4.0,2020.0,4.0,1.0,0.0,0.0,0.0,https://www.zameen.com/Property/dha_defence_dha_phase_6_fully_furnished_luxury_house_for_sale_dha_phase_6_lahore-53629051-1448-1.html
21500000.0,5.0,Marla,Lahore,Park Vie,House,5.0,6.0,2020.0,1.0,0.0,1.0,2.0,0.0,https://www.zameen.com/Property/park_view_city_park_view_city_-_tulip_overseas_house_for_sale_is_readily_available_in_prime_location_of_park_view_city_-_tulip_overseas-54244739-13754-1.html
27000000.0,5.0,Marla,Lahore,Park Vie,House,4.0,5.0,2020.0,1.0,0.0,1.0,2.0,0.0,https://www.zameen.com/Property/park_view_city_park_view_city_-_executive_block_5_marla_house_in_park_view_city_-_executive_block_is_available_for_sale-54244735-17598-1.html
82500000.0,1.0,KANAL,Lahore,Dha Defe,House,4.0,5.0,2020.0,1.0,1.0,0.0,0.0,0.0,https://www.zameen.com/Property/dha_defence_dha_phase_6_unmatched_luxury_1_kanal_high-end_home_in_dha_lahore-53831621-1448-1.html
78500000.0,1.0,Kanal,Lahore,Dha Defe,House,5.0,6.0,2020.0,4.0,2.0,0.0,0.0,2026.0,https://www.zameen.com/Property/dha_phase_7_dha_phase_7_-_block_y_original_deal_call_anytime_hot_deal_1_kanal_budget_house_for_sale_in_prime_dha_location-53825577-1632-1.html
43000000.0,10.0,Marla,Lahore,Other,House,5.0,6.0,2020.0,2.0,2020.0,2020.0,2020.0,2020.0,https://www.zameen.com/Property/lahore_lake_city_meadows_looking_for_a_prime_location_house_in_lake_city_meadows-54239382-487-1.html
8750000.0,4.0,Marla,Lahore,Other,House,4.0,6.0,2020.0,8.0,0.0,0.0,0.0,0.0,https://www.zameen.com/Property/lahore_johar_town_4_marla_brand_new_luxury_townhouse_for_sale_in_johar_town_union_town_lahore-54218909-93-1.html
73000000.0,1.0,Kanal,Lahore,Dha Defe,House,2.0,2.0,2020.0,0.0,0.0,0.0,0.0,0.0,https://www.zameen.com/Property/dha_defence_dha_phase_7_premium_designer_house_in_dha_phase_7_lahore_luxury_living_redefined-54223711-1450-1.html
23000000.0,5.0,Marla,Lahore,Other,House,5.0,6.0,2020.0,1.0,0.0,0.0,2.0,0.0,https://www.zameen.com/Property/pak_arab_housing_society_phase_1_pak_arab_society_phase_1_-_block_c_looking_for_a_prime_location_house_in_lahore-54244660-4110-1.html
22800000.0,5.0,Marla,Lahore,Raiwind,House,3.0,4.0,2020.0,1.0,1.0,0.0,0.0,0.0,https://www.zameen.com/Property/raiwind_road_lake_city_5_marla_brand_new_house_available_for_sale_in_lake_city_lahore-54180680-1103-1.html
67500000.0,1.0,Kanal,Lahore,Dha Defe,House,4.0,4.0,2020.0,4.0,1.0,0.0,0.0,0.0,https://www.zameen.com/Property/dha_defence_dha_phase_7_fully_furnished_1_kanal_super_luxury_architectural_designer_bungalow_for_sale_dha_phase_7_prime_block-53610607-1450-1.html
31500000.0,12.5,Marla,Lahore,Other,House,5.0,6.0,2020.0,4.0,3.0,0.0,0.0,4.0,https://www.zameen.com/Property/paf_colony_paf_colony_-_block_a_12_5_marla_spacious_house_for_sale_in_paf_colony_-_single_story-53312492-17646-1.html
41000000.0,10.0,Marla,Lahore,Other,House,3.0,4.0,2020.0,2.0,1.0,0.0,0.0,0.0,https://www.zameen.com/Property/lahore_paragon_city_10_marla_house_for_sale_in_paragon_city_lahore-50697267-1014-1.html
34400000.0,11.0,Marla,Lahore,Other,House,5.0,6.0,2020.0,4.0,2.0,0.0,0.0,2025.0,https://www.zameen.com/Property/lahore_jubilee_town_11_marla_owner_build_home_for_sale-54121605-766-1.html
47500000.0,10.0,Marla,Lahore,Dha Defe,House,6.0,7.0,2020.0,2.0,2.0,0.0,2.0,2.0,https://www.zameen.com/Property/dha_defence_dha_phase_7_designer_masterpiece_villa_dha_phase_7_fully_owner-built_basement_servant_designer_finish_hot_deal-53434347-1450-1.html
46500000.0,10.0,Marla,Lahore,Dha Defe,House,4.0,7.0,2020.0,2.0,2.0,0.0,0.0,0.0,https://www.zameen.com/Property/dha_defence_dha_phase_8_most_reasonable_price_modern_villa-52884235-1451-1.html
9000000.0,3.0,Marla,Lahore,Other,"is up for sale, so what are you waiting for. You won't find a better price than the current Rs. 9000000 for these kind of properties. The House is a truly well-thought out property, best for those with a fine taste in architectures. Properties in this locality are a total bargain, which is a plus. You can read the property features below. The house features a spacious and well-designed drawing room. The House premises remains well-guarded round-the-clock with an expert security team. You can conveniently direct your guests to the powder room. Enjoy the convenience and comfort of broadband internet access. The House remains pleasant during summers as well with double glazed windows. A mosque is located within the society. The property comes with a beautifully designed dining room, adding to its luxury. Fill the web form and we'll reach out to you as soon as possible. Read More Amenities Main Features Parking Spaces: 1 Double Glazed Windows Rooms Bedrooms: 3 Bathrooms: 4 Drawing Room Dining Room Kitchens: 2 Powder Room Store Rooms: 1 Business and Communication View More Location & Nearby AL HARAM GARDEN - BLOCK A MAPNEARBY More Lahore Maps Tap to View Society Maps Find out the location of the property on an interactive society map Home Finance Calculate and view the monthly mortgage on this house Conventional Interest Plan Ghar Sahulat Scheme Employment Status Salaried Property Price PKR Loan Period Years Down Payment % PKR Interest Rate % DISCLAIMER: Interest rates may vary from the value shown on Zameen.com. Actual interest rate prevalent as per bank’s policy will be applicable at the time of application. Monthly Payment PKR 89 Thousand Bank Finance Amount PKR 63 Lakh Payment Breakdown Interest Principal APPLY FOR LOAN Price Index Trends - Most Searched Locations in Al Haram Garden RANKLOCALITYPERCENTAGE OF TOTAL SEARCHES (%)PERFORMANCE 1Al Haram Garden - Block A50.9 No Change 2Al Haram Garden - Block B27.6 No Change 3Al Haram Garden - Block D12.7 No Change 4Al Haram Garden - Block C5.8 New Entry 5Al Haram Garden - Block A Commercial2.9 -1 Apr 2026Mar 2026Feb 2026Jan 2026Dec 2025Nov 2025Oct 2025Sept 2025Aug 2025Jul 2025Jun 2025May 2025 Safety Tips for Property Transactions For your safety and protection when buying, selling, or renting property through Zameen, please follow these important guidelines: Always meet in a safe, public location—preferably during daylight hours. Locations such as cafes, commercial plazas, outside bank branches or in an office of a real estate agency are ideal. Do not make any payment before proper verification of the property, completion of all legal formalities, and due diligence with the respective authorities. Inspect the property thoroughly and ensure all details match what’s listed in the advertisement. Read More PKR 90 Lakh WhatsApp Call NAME* EMAIL* PHONE* MESSAGE* I would like to inquire about your property Zameen - ID54248955. Please contact me at your earliest convenience. I am a: Buyer/Tenant Agent Other Keep me informed about similar properties. SEND EMAIL LATIF REAL ESTATE Abdul latif AGENCY PROFILE USEFUL LINKS Property for sale in Lahore Property for sale in Al Haram Garden Property for sale in Al Haram Garden - Block A 3 Marla Houses for sale in Lahore 3 Marla Houses for sale in Al Haram Garden 3 Marla Houses for sale in Al Haram Garden - Block A Report this property Similar Houses around Al Haram Garden - Block A SUPER HOT 15 Added: 1 week ago PKR 1.4 Crore Al Haram Garden - Block A, Al Haram Garden 4 4 5 Marla EMAIL CALL SUPER HOT 18 Added: 3 weeks ago PKR 1.45 Crore Al Haram Garden - Block A, Al Haram Garden 3 3 5 Marla EMAIL CALL HOT TITANIUM 10 Verified Added: 1 day ago PKR 1.4 Crore Al Haram Garden - Block A, Al Haram Garden 3 3 5 Marla EMAIL CALL HOT 6 Added: 1 week ago PKR 1.3 Crore Al Haram Garden - Block A, Al Haram Garden 3 3 5 Marla EMAIL CALL Similar Houses by Latif Real Estate 26 Verified Added: 1 hour ago PKR 90 Lakh Al Haram Garden, Lahore 3 3 3 Marla EMAIL CALL 23 Verified Added: 1 hour ago PKR 90 Lakh Al Haram Garden - Block B, Al Haram Garden 3 4 3 Marla EMAIL CALL Our Home Partners Company About Us Contact Us Jobs Help & Support Advertise On Zameen Terms Of Use Connect Blog News Forum Expo Real Estate Agents Add Property Head Office Pearl One, 94-B/I, MM Alam Road, Gulberg III, Lahore, Pakistan 0800-ZAMEEN (92633) Monday To Sunday 9AM To 6PM Email Us Roshan Digital Account ROSHAN DIGITAL ACCOUNT Get Connected © Copyright 2007 - 2026 Zameen.com. All Rights Reserved TOP",4.0,7.0,2020.0,1.0,0.0,1.0,2.0,0.0,https://www.zameen.com/Property/al_haram_garden_al_haram_garden_-_block_a_this_is_your_chance_to_buy_house_in_al_haram_garden_-_block_a-54248955-15995-1.html
78600000.0,1.0,Kanal,Lahore,Dha Defe,House,3.0,4.0,2020.0,4.0,2025.0,2025.0,2025.0,0.0,https://www.zameen.com/Property/dha_defence_dha_phase_7_brand_new_1_kanal_modern_house_available_for_sale_in_dha_phase_7-53561279-1450-1.html
22500000.0,5.0,Marla,Lahore,Other,House,5.0,6.0,2020.0,1.0,0.0,0.0,2026.0,2026.0,https://www.zameen.com/Property/al_rehman_garden_al_rehman_garden_phase_2_5_marla_brand_new_2_5_storey_house_for_sale_in_rehman_garden_prime_location_reasonable_price-54248922-4506-1.html
109500000.0,20.0,MARLA,Lahore,Dha Defe,House,5.0,9.0,2020.0,0.0,1.0,0.0,0.0,0.0,https://www.zameen.com/Property/dha_phase_6_dha_phase_6_-_block_b_unity_estates_offers_full_modern_20_marla_elegant_and_fully_maintained_super_hot_located_bungalow_is_available_in_the_best_block_of_dha_lahore-54216218-1611-1.html
100000000.0,1.0,Kanal,Lahore,Dha Defe,House,5.0,6.0,2020.0,0.0,0.0,0.0,0.0,0.0,https://www.zameen.com/Property/dha_defence_dha_phase_7_luxury_mashallah_designer_house_for_sale_in_dha_phase_7_lahore_premium_living-54223592-1450-1.html
73500000.0,1.0,KANAL,Lahore,Dha Defe,House,5.0,6.0,2020.0,5.0,2.0,0.0,0.0,0.0,https://www.zameen.com/Property/dha_defence_dha_phase_5_1_kanal_slightly_used_elegant_and_fully_maintained_super_hot_located_bungalow_is_available_sale_in_dha_phase_5-54178858-1447-1.html
73200000.0,1.0,KANAL,Lahore,Dha Defe,House,5.0,6.0,2020.0,5.0,2.0,0.0,0.0,0.0,https://www.zameen.com/Property/dha_defence_dha_phase_3_1_kanal_slightly_used_elegant_and_fully_maintained_super_hot_located_bungalow_is_available_sale_in_dha_phase_3-54178955-1454-1.html
72500000.0,1.0,KANAL,Lahore,Dha Defe,House,5.0,6.0,2020.0,5.0,2.0,0.0,0.0,0.0,https://www.zameen.com/Property/dha_defence_dha_phase_4_1_kanal_slightly_used_elegant_and_fully_maintained_super_hot_located_bungalow_is_available_sale_in_dha_phase_4-54179024-1446-1.html
39500000.0,8.0,Marla,Lahore,Other,House,5.0,6.0,2020.0,2.0,1.0,0.0,0.0,0.0,https://www.zameen.com/Property/lahore_paragon_city_8_marla_house_for_sale_in_paragon_city_lahore-50920023-1014-1.html
25000000.0,5.0,Marla,Lahore,Other,House,4.0,5.0,2020.0,1.0,0.0,1.0,2.0,0.0,https://www.zameen.com/Property/main_canal_bank_road_union_livings_your_search_ends_right_here_with_the_beautiful_house_in_union_livings_at_affordable_price_of_pkr_rs_25000000-54117632-18404-1.html
39500000.0,10.0,Marla,Lahore,Other,House,4.0,5.0,2020.0,1.0,1.0,0.0,0.0,2026.0,https://www.zameen.com/Property/lahore_paragon_city_10_marla_modern_design_full_luxury_house_for_sale_in_paragon_city_lahore-54174285-1014-1.html
25500000.0,5.0,Marla,Lahore,Dha Defe,House,5.0,6.0,2020.0,1.0,1.0,0.0,0.0,0.0,https://www.zameen.com/Property/dha_defence_dha_9_town_5_bedroom_ultra-modern_house_for_sale_in_dha_phase_9_town-54146100-1452-1.html
18500000.0,788.0,Square Feet,Lahore,Other,House,5.0,4.0,2020.0,0.0,0.0,1.0,2.0,0.0,https://www.zameen.com/Property/lahore_clifton_colony_brand_new_788_square_feet_house_available_in_clifton_colony_for_sale-54243788-4526-1.html
41900000.0,10.0,Marla,Lahore,Other,House,4.0,4.0,2020.0,2.0,0.0,0.0,7.0,2.0,https://www.zameen.com/Property/lahore_lda_avenue_10_marla_brand_new_home_for_sale-54023982-547-1.html
31900000.0,10.0,Marla,Lahore,Other,House,6.0,7.0,2020.0,4.0,1.0,0.0,2025.0,0.0,https://www.zameen.com/Property/lahore_lda_avenue_10_marla_brand_new_home_for_sale-54014118-547-1.html
56500000.0,10.0,Marla,Lahore,Dha Defe,House,6.0,7.0,2020.0,2.0,2.0,1.0,1.0,0.0,https://www.zameen.com/Property/dha_defence_dha_phase_6_near_dolmen_call_us_for_visit_this_luxury_property-52884287-1448-1.html
115000000.0,1.0,Kanal,Lahore,Dha Defe,House,4.0,7.0,2020.0,4.0,1.0,0.0,2026.0,0.0,https://www.zameen.com/Property/dha_phase_7_dha_phase_7_-_block_t_1_kanal_brand_new_ultra_modern_designed_luxury_bungalow_for_sale_at_prime_location_in_dha_phase_7_near_by_carrefour_original_pictures_are_attached-54094373-1627-1.html
21000000.0,5.0,Marla,Lahore,Other,House,5.0,6.0,2020.0,1.0,1.0,0.0,2.0,0.0,https://www.zameen.com/Property/bahria_orchard_phase_1_bahria_orchard_phase_1_-_eastern_5_marla_spanish_house_for_sale_bahria_orchard_eastern_block_phase_1-54247542-8239-1.html
56000000.0,10.2,Marla,Lahore,Other,House,3.0,5.0,2020.0,0.0,0.0,0.0,3.0,0.0,https://www.zameen.com/Property/lahore_allama_iqbal_town_10_90_ft_new_house_3storey-54247530-58-1.html
259500000.0,2.0,Kanal,Lahore,Dha Defe,House,5.0,9.0,2020.0,0.0,0.0,0.0,2.0,0.0,https://www.zameen.com/Property/dha_phase_5_dha_phase_5_-_block_g_02_kanal_well_maintained_slightly_used_spanish_designed_house_for_sale_attached_100_original_pics-54154101-1604-1.html
60000000.0,10.0,Marla,Lahore,Dha Defe,House,6.0,7.0,2020.0,0.0,0.0,2026.0,2026.0,0.0,https://www.zameen.com/Property/dha_phase_5_dha_phase_5_-_block_k_top_location_on_70-feet_road_lightly_used_10_marla_bungalow_with_full_basement_facing_2_kanal_very_close_to_wateen_chowk-54148210-1607-1.html
159900000.0,2.0,KANAL,Lahore,Dha Defe,House,5.0,6.0,2020.0,0.0,1.0,0.0,0.0,0.0,https://www.zameen.com/Property/dha_defence_dha_phase_2_2_kanal_elegant_and_fully_maintained_super_hot_located_bungalow_is_available_in_the_best_block_of_dha_lahore-53614350-1444-1.html
24500000.0,5.0,Marla,Lahore,Dha Defe,House,4.0,5.0,2020.0,1.0,0.0,0.0,0.0,0.0,https://www.zameen.com/Property/dha_defence_dha_9_town_5_marla_classic_luxury_house_for_sale_in_dha_phase_9_town_lahore-54240581-1452-1.html
24500000.0,5.0,Marla,Lahore,Dha Defe,House,3.0,4.0,2020.0,1.0,0.0,0.0,0.0,2026.0,https://www.zameen.com/Property/dha_defence_dha_9_town_5_marla_modern_design_full_luxury_house_for_sale_in_dha_9_town-54143521-1452-1.html
30000000.0,10.0,Marla,Lahore,Raiwind,House,3.0,4.0,2020.0,4.0,2.0,0.0,0.0,0.0,https://www.zameen.com/Property/awt_army_welfare_trust_awt_phase_2_lda_approved_beautiful_location_double_storey_house-54003689-3581-1.html
19500000.0,4.0,Marla,Lahore,Other,House,5.0,6.0,2020.0,1.0,0.0,0.0,0.0,2.0,https://www.zameen.com/Property/lahore_punjab_coop_housing_society_4_marla_house_for_sale-54220453-456-1.html
19800000.0,3.0,Marla,Lahore,Other,House,4.0,4.0,2020.0,1.0,1.0,0.0,2.0,0.0,https://www.zameen.com/Property/lahore_cavalry_extension_looking_for_a_prime_location_house_in_cavalry_extension-54244175-15484-1.html
45000000.0,10.0,Marla,Lahore,Bahria T,House,3.0,4.0,2020.0,2.0,1.0,1.0,2.0,0.0,https://www.zameen.com/Property/bahria_town_sector_f_bahria_town_-_ghaznavi_block_beautifully_constructed_house_is_available_for_sale_in_bahria_town_-_ghaznavi_block-54244598-8261-1.html
25000000.0,5.0,Marla,Lahore,Park Vie,House,5.0,6.0,2020.0,1.0,0.0,1.0,2.0,0.0,https://www.zameen.com/Property/park_view_city_park_view_city_-_executive_block_5_marla_house_for_sale_in_park_view_city_-_executive_block_lahore-54244138-17598-1.html
38500000.0,10.0,MARLA,Lahore,Other,House,4.0,5.0,2020.0,2.0,2.0,0.0,2025.0,0.0,https://www.zameen.com/Property/lahore_jubilee_town_10_marla_brand_new_house_for_sale-54014040-766-1.html
37500000.0,10.0,Marla,Lahore,Other,House,6.0,7.0,2020.0,0.0,0.0,0.0,2024.0,0.0,https://www.zameen.com/Property/jubilee_town_jubilee_town_-_block_b_10_marla_owner_build_facing_park_home_for_sale-54014032-3986-1.html
27000000.0,5.0,Marla,Lahore,Other,House,6.0,7.0,2020.0,1.0,1.0,0.0,1.0,0.0,https://www.zameen.com/Property/lahore_bahria_orchard_brand_new_modern_corner_next_to_park_house_available_for_sale-53770949-1474-1.html
83500000.0,1.0,Kanal,Lahore,Dha Defe,House,3.0,3.0,2020.0,0.0,2025.0,2025.0,2025.0,0.0,https://www.zameen.com/Property/dha_phase_6_dha_phase_6_-_block_f_1_kanal_top_quality_build_luxurious_beautiful_modern_design_villa_with_basement_for_sale_in_dha_lahore_phase_6_prime_location_near_to_raya-53949486-1615-1.html
75000000.0,1.0,KANAL,Lahore,Dha Defe,House,5.0,6.0,2020.0,0.0,0.0,0.0,0.0,2025.0,https://www.zameen.com/Property/dha_phase_7_dha_phase_7_-_block_p_1_kanal_ultra_modern_super_luxury_stylish_bungalow_mazahar_munir_disign_for_sale_near_defence_raya_reasonable_deal-53959999-1623-1.html
85500000.0,1.0,Kanal,Lahore,Dha Defe,House,5.0,6.0,2020.0,4.0,2.0,0.0,0.0,0.0,https://www.zameen.com/Property/dha_defence_dha_phase_6_1_kanal_top_quality_build_luxurious_beautiful_modern_design_villa_with_basement_for_sale_in_dha_lahore_phase_6_prime_location-52661723-1448-1.html
45000000.0,10.0,Marla,Lahore,Dha Defe,House,4.0,6.0,2020.0,0.0,0.0,0.0,0.0,0.0,https://www.zameen.com/Property/dha_defence_dha_phase_7_10_marla_luxurious_beautiful_house_with_4_master_bedrooms_lowest_price_house_in_dha_phase_7-54152383-1450-1.html
81500000.0,1.0,Kanal,Lahore,Dha Defe,House,4.0,5.0,2020.0,4.0,2.0,0.0,0.0,2025.0,https://www.zameen.com/Property/dha_defence_dha_phase_7_most_beautiful_1_kanal_house_available_for_sale_in_dha_phase_7-53567232-1450-1.html
27500000.0,5.0,Marla,Lahore,Dha Defe,House,5.0,6.0,2020.0,2.0,1.0,0.0,2024.0,0.0,https://www.zameen.com/Property/dha_defence_dha_9_town_ultra_modern_designer_house_available_for_sale_at_prime_location_dha_9_town_-_must_be_see-54154648-1452-1.html
72000000.0,1.0,Kanal,Lahore,Dha Defe,House,3.0,4.0,2020.0,4.0,1.0,0.0,0.0,0.0,https://www.zameen.com/Property/dha_defence_dha_phase_7_1_kanal_modern_designed_super_luxury_bungalow_for_sale_at_ideal_location_in_dha_phase_7-52992392-1450-1.html
16900000.0,5.0,Marla,Lahore,Park Vie,House,5.0,6.0,2020.0,0.0,0.0,0.0,2.0,0.0,https://www.zameen.com/Property/lahore_park_view_city_5_marla_brand_new_modern_design_lavish_house_for_sale_in_park_view_city_lahore_for_discounted_price_and_original_pictures_download_the_app_signature_lands-54241845-1466-1.html
290000000.0,2.0,KANAL,Lahore,Dha Defe,House,4.0,4.0,2020.0,5.0,2.0,0.0,0.0,0.0,https://www.zameen.com/Property/dha_defence_dha_phase_7_direct_owner_deal_2_kanal_brand_new_full_luxury_house_near_to_dha_raya_for_sale_in_dha_phase_7_house_no_x_1357-54244469-1450-1.html
17000000.0,5.0,Marla,Lahore,Park Vie,House,6.0,6.0,2020.0,12.0,2.0,0.0,0.0,0.0,https://www.zameen.com/Property/lahore_park_view_city_3_years_installment_plan_luxury_5_marla_brand_new_house_in_park_view_city_lahore-54091464-1466-1.html
15600000.0,5.0,Marla,Lahore,Other,House,4.0,5.0,2020.0,1.0,0.0,1.0,2.0,0.0,https://www.zameen.com/Property/new_lahore_city_phase_2_new_lahore_city_-_block_c_buy_your_ideal_5_marla_house_in_a_prime_location_of_lahore-54243368-13246-1.html
32000000.0,5.0,Marla,Lahore,Park Vie,House,3.0,4.0,2020.0,2.0,1.0,0.0,0.0,0.0,https://www.zameen.com/Property/lahore_park_view_city_3_years_installments_plan_5_marla_brand_new_house_for_sale_in_park_view_city-54081884-1466-1.html
15000000.0,5.0,Marla,Lahore,Park Vie,House,5.0,6.0,2020.0,0.0,0.0,0.0,0.0,0.0,https://www.zameen.com/Property/lahore_park_view_city_3_years_installment_plan_luxury_5_marla_brand_new_house_in_park_view_city_lahore-53998903-1466-1.html
62500000.0,1.0,Kanal,Lahore,Other,House,4.0,5.0,2020.0,4.0,1.0,0.0,0.0,0.0,https://www.zameen.com/Property/lahore_lda_avenue_one_kanal_owner_build_home_for_sale-53921685-547-1.html
35900000.0,10.0,MARLA,Lahore,Other,House,8.0,7.0,2020.0,1.0,0.0,0.0,0.0,0.0,https://www.zameen.com/Property/lahore_lda_avenue_10_marla_brand_new_house_lda_avenue_one-53190393-547-1.html
76500000.0,1.0,Kanal,Lahore,Dha Defe,House,5.0,5.0,2020.0,0.0,2025.0,2025.0,2025.0,0.0,https://www.zameen.com/Property/dha_phase_7_dha_phase_7_-_block_q_owner_needy_argent_sale_1_kanal_owner_build_house_for_sale_in_dha_phase_7_near_defence_raya_reasonable_deal-54240330-1624-1.html
22000000.0,5.0,Marla,Lahore,Park Vie,House,5.0,6.0,2020.0,2.0,1.0,0.0,0.0,0.0,https://www.zameen.com/Property/lahore_park_view_city_3_years_installments_plan_5_marla_brand_new_house_for_sale_in_park_view_city-54211643-1466-1.html
32000000.0,5.0,Marla,Lahore,Park Vie,House,4.0,5.0,2020.0,1.0,1.0,0.0,0.0,0.0,https://www.zameen.com/Property/lahore_park_view_city_3_years_installment_plan_luxury_5_marla_brand_new_house_in_park_view_city_lahore-54217791-1466-1.html
17500000.0,5.0,Marla,Lahore,Park Vie,House,5.0,6.0,2020.0,2.0,2.0,0.0,0.0,0.0,https://www.zameen.com/Property/lahore_park_view_city_3_years_installment_plan_luxury_5_marla_brand_new_house_in_park_view_city_lahore-53791957-1466-1.html
42500000.0,10.0,Marla,Lahore,Other,House,4.0,5.0,2020.0,2.0,1.0,0.0,0.0,0.0,https://www.zameen.com/Property/lahore_paragon_city_10_marla_house_for_sale_in_paragon_city_lahore-50551174-1014-1.html
19800000.0,4.0,Marla,Lahore,Other,House,5.0,6.0,2020.0,2.0,1.0,0.0,0.0,0.0,https://www.zameen.com/Property/lahore_paragon_city_4_marla_house_for_sale_in_paragon_city_lahore-50910283-1014-1.html
65000000.0,10.0,Marla,Lahore,Other,House,3.0,4.0,2020.0,0.0,0.0,0.0,0.0,0.0,https://www.zameen.com/Property/gulberg_gulberg_5_10_marla_house_for_sale_in_gulberg_5-53272608-3848-1.html
125000000.0,1.0,Kanal,Lahore,Other,House,4.0,5.0,2020.0,0.0,0.0,0.0,0.0,0.0,https://www.zameen.com/Property/lahore_gulberg_1_kanal_lavish_house_for_sale_in_gulberg-53272670-7-1.html
57500000.0,10.0,Marla,Lahore,Dha Defe,House,5.0,7.0,2020.0,0.0,0.0,0.0,2.0,0.0,https://www.zameen.com/Property/dha_phase_8_dha_phase_8_-_ex_park_view_4_beds_10_marla_good_location_house_for_sale_in_ex_park_view_dha_phase_8_lahore-54147354-485-1.html
45000000.0,10.0,Marla,Lahore,Dha Defe,House,4.0,5.0,2020.0,5.0,1.0,0.0,0.0,0.0,https://www.zameen.com/Property/dha_phase_8_dha_phase_8_-_ex_air_avenue_full_basement_5_beds_10_marla_double_story_house_for_sale_in_ex_air_avenue_dha_phase_8_lahore-53199630-407-1.html
45000000.0,10.0,Marla,Lahore,Dha Defe,House,5.0,6.0,2020.0,0.0,1.0,0.0,2.0,0.0,https://www.zameen.com/Property/dha_defence_dha_phase_8_with_solar_installed_4_beds_double_story_10_marla_house_for_sale_in_eden_city_dha_phase_8_lahore-51307477-1451-1.html
54000000.0,11.0,Marla,Lahore,Dha Defe,House,4.0,5.0,2020.0,1.0,1.0,0.0,0.0,0.0,https://www.zameen.com/Property/dha_phase_8_dha_phase_8_-_ex_air_avenue_with_basement_5_beds_brand_new_11_marla_house_for_sale_in_ex_air_avenue_dha_phase_8_lahore-53174335-407-1.html
58000000.0,10.0,Marla,Lahore,Dha Defe,House,7.0,6.0,2020.0,2.0,1.0,1.0,0.0,0.0,https://www.zameen.com/Property/dha_phase_5_dha_phase_5_-_block_l_10_marla_house_for_sale_in_dha_phase_5_l_block_near_to_park_prime_location-54241911-1608-1.html
25000000.0,5.0,Marla,Lahore,Dha Defe,House,4.0,5.0,2020.0,1.0,1.0,1.0,2.0,0.0,https://www.zameen.com/Property/dha_defence_dha_9_town_5_marla_brand_new_house_available_for_sale_in_dha_9_town_lahore-54191970-1452-1.html
41000000.0,10.0,Marla,Lahore,Bahria T,House,3.0,4.0,2020.0,2.0,1.0,0.0,0.0,0.0,https://www.zameen.com/Property/bahria_town_bahria_town_-_sector_c_10_marla_house_for_sale_in_bahria_town_lahore-54089804-1784-1.html
20500000.0,5.0,Marla,Lahore,Bahria T,House,5.0,6.0,2020.0,1.0,1.0,0.0,0.0,0.0,https://www.zameen.com/Property/bahria_town_bahria_town_-_sector_e_brand_new_beautiful_5_marla_house_for_sale_in_sector_e-54222239-1802-1.html
21000000.0,5.0,Marla,Lahore,Park Vie,House,3.0,4.0,2020.0,1.0,0.0,0.0,0.0,0.0,https://www.zameen.com/Property/lahore_park_view_city_most_beautiful_house_for_sale_in_tulip_overseas_block_with_super_prime_location-53962740-1466-1.html
26500000.0,5.0,Marla,Lahore,Bahria T,House,4.0,5.0,2020.0,1.0,0.0,0.0,2.0,0.0,https://www.zameen.com/Property/bahria_town_sector_d_bahria_town_-_block_bb_5_marla_house_in_bahria_town_-_block_bb_is_available-54243799-1798-1.html
24500000.0,5.0,Marla,Lahore,Other,House,3.0,4.0,2020.0,1.0,0.0,0.0,1.0,0.0,https://www.zameen.com/Property/lahore_khayaban-e-zafar_5_brand_new_house_for_sale_at_hot_location-54207376-18840-1.html
15500000.0,5.0,Marla,Lahore,Park Vie,House,7.0,7.0,2020.0,0.0,0.0,0.0,0.0,0.0,https://www.zameen.com/Property/lahore_park_view_city_5_marla_house_available_for_sale_platinum_block_park_view_city_lahore-52830643-1466-1.html
24000000.0,5.0,Marla,Lahore,Park Vie,House,4.0,4.0,2020.0,0.0,0.0,0.0,0.0,0.0,https://www.zameen.com/Property/park_view_city_park_view_city_-_tulip_block_5_marla_brand_new_house_for_sale_park_view_city_lahore-53674648-8465-1.html
19500000.0,5.0,Marla,Lahore,Park Vie,House,4.0,4.0,2020.0,0.0,0.0,0.0,0.0,0.0,https://www.zameen.com/Property/lahore_park_view_city_5_marla_brand_new_house_for_sale_in_park_view_city_lahore-53389279-1466-1.html
32500000.0,10.0,Marla,Lahore,Other,House,4.0,4.0,2020.0,4.0,2.0,0.0,0.0,0.0,https://www.zameen.com/Property/lahore_jubilee_town_brand_new_house_for_sale_in_jubilee_town_lahore-52631661-766-1.html
47000000.0,10.0,Marla,Lahore,Other,House,5.0,6.0,2020.0,0.0,0.0,0.0,2.0,0.0,https://www.zameen.com/Property/lahore_paragon_city_brand_new_10_marla_house_for_sale_in_paragon_city_orchard_green_5_bed_a_construction_prime_location-54149156-1014-1.html
60000000.0,1.0,Kanal,Lahore,Bankers Town,House,5.0,5.0,2020.0,0.0,0.0,0.0,0.0,0.0,https://www.zameen.com/Property/lahore_bankers_avenue_cooperative_housing_society_1_kanal_beautiful_luxury_house_in_bankers_avenue_co-operative_housing_society-52540586-8325-1.html
31500000.0,10.0,Marla,Lahore,Bankers Town,House,5.0,5.0,2020.0,3.0,1.0,0.0,0.0,0.0,https://www.zameen.com/Property/lahore_bankers_avenue_cooperative_housing_society_new_house_for_sale_bankers_avenue_cooperative_houseing_society-52533198-8325-1.html
100000000.0,1.0,Kanal,Lahore,Dha Defe,House,6.0,6.0,2020.0,6.0,2024.0,0.0,0.0,2024.0,https://www.zameen.com/Property/dha_phase_8_dha_phase_8_-_block_s_1_kanal_brand_new_lavish_house_in_dha_phase_8_block_s-50966260-1634-1.html
29800000.0,5.0,MARLA,Lahore,Raiwind,House,5.0,6.0,2020.0,0.0,0.0,0.0,0.0,0.0,https://www.zameen.com/Property/lake_city_sector_m_7_lake_city_-_sector_m7_-_block_c1_5_marla_facing_park_house_for_sale_in_m7_block_lake_city_raiwind_road_lahore-54241837-15743-1.html
17200000.0,5.0,Marla,Lahore,Park Vie,House,4.0,5.0,2020.0,0.0,0.0,0.0,0.0,0.0,https://www.zameen.com/Property/lahore_park_view_city_5_marla_brand_new_modern_design_lavish_house_for_sale_in_park_view_city_lahore_for_discounted_price_and_original_pictures_download_the_app_signature_lands-53935521-1466-1.html
77500000.0,1.0,Kanal,Lahore,Dha Defe,House,4.0,4.0,2020.0,4.0,2.0,0.0,3.0,2026.0,https://www.zameen.com/Property/dha_phase_7_dha_phase_7_-_block_u_desire_homes_offers_kanal_modern_bungalow_for_sale_near_raya-54046216-1628-1.html
23000000.0,5.0,Marla,Lahore,Park Vie,House,5.0,6.0,2020.0,0.0,0.0,0.0,2.0,0.0,https://www.zameen.com/Property/park_view_city_park_view_city_-_executive_block_5_marla_brand_new_house_for_sale_in_executive_park_view_city_lahore-53333265-17598-1.html
76500000.0,1.0,Kanal,Lahore,Dha Defe,House,4.0,4.0,2020.0,0.0,2025.0,2025.0,2025.0,0.0,https://www.zameen.com/Property/dha_phase_7_dha_phase_7_-_block_p_100_percent_original_add_near_defence_raya_and_masjid_one_kanal_brand_new_modern_ultra_luxury_supreme_location_house_in_dha_lahore_reasonable_deal-53978674-1623-1.html
36200000.0,6.5,Marla,Lahore,Other,House,6.0,6.0,2020.0,1.0,0.0,0.0,0.0,0.0,https://www.zameen.com/Property/allama_iqbal_town_allama_iqbal_town_-_pak_block_6_5_marla_triple_storey_house_with_7k_soler_and_fans_for_sale_in_iqbal_town_lahore-54067109-3527-1.html
22500000.0,5.0,Marla,Lahore,Other,House,6.0,7.0,2020.0,0.0,1.0,0.0,0.0,2025.0,https://www.zameen.com/Property/lahore_jubilee_town_jubilee_town_house_sized_5_marla-52487711-766-1.html
125000000.0,20.0,Marla,Lahore,Other,House,5.0,5.0,2020.0,4.0,1.0,0.0,0.0,0.0,https://www.zameen.com/Property/lahore_eme_society_20_marla_brand_new_home_for_sale-52543425-410-1.html
21500000.0,5.0,Marla,Lahore,Bankers Town,House,5.0,6.0,2020.0,1.0,1.0,0.0,0.0,0.0,https://www.zameen.com/Property/lahore_bankers_avenue_cooperative_housing_society_5_marla_new_house_for_sale_bankers_avenue_cooperative_housing_society-52534782-8325-1.html
19500000.0,5.0,Marla,Lahore,Bankers Town,House,3.0,3.0,2020.0,0.0,0.0,0.0,0.0,0.0,https://www.zameen.com/Property/lahore_bankers_avenue_cooperative_housing_society_5_marla_beautiful_house_for_sale_bankers_avenue_cooperative_society_lahore-52534811-8325-1.html
32500000.0,9.0,Marla,Lahore,Bankers Town,House,5.0,5.0,2020.0,0.0,0.0,24.0,0.0,2024.0,https://www.zameen.com/Property/lahore_bankers_avenue_cooperative_housing_society_9_marla_beautifull_house_for_sale_bankers_avenue_cooperative_society_lahore-52533415-8325-1.html
117500000.0,1.0,Kanal,Lahore,Dha Defe,House,5.0,5.0,2020.0,4.0,2.0,0.0,0.0,0.0,https://www.zameen.com/Property/dha_defence_dha_phase_5_one_kanal_luxury_house_available_for_sale-54007995-1447-1.html
16000000.0,5.0,Marla,Lahore,Other,House,10.0,12.0,2020.0,0.0,1.0,1.0,3.0,0.0,https://www.zameen.com/Property/new_lahore_city_new_lahore_city_-_phase_2_5_marla_brand_new_house_for_sale_new_lahore_city_phase_2-53977979-15750-1.html
19000000.0,5.0,Marla,Lahore,Other,House,3.0,3.0,2020.0,0.0,1.0,1.0,1.0,0.0,https://www.zameen.com/Property/lahore_ring_road_3_beds_5_marla_ideal_location_house_for_sale_in_netsol_gohawa_near_ring_road-54217094-4575-1.html
102500000.0,1.0,Kanal,Lahore,Dha Defe,House,3.0,3.0,2020.0,1.0,0.0,0.0,2.0,0.0,https://www.zameen.com/Property/dha_phase_8_dha_phase_8_-_ex_air_avenue_with_basement_7_beds_1_kanal_brand_new_house_for_sale_in_ex_air_avenue_dha_phase_8_main_airport_road_lahore-52460469-407-1.html
28000000.0,5.0,Marla,Lahore,Dha Defe,House,7.0,7.0,2020.0,2.0,1.0,0.0,0.0,0.0,https://www.zameen.com/Property/dha_9_town_dha_9_town_-_block_a_brand_new_3_beds_5_marla_brand_new_house_for_sale_in_block_a_dha_9_town_lahore-52628432-8173-1.html
79200000.0,1.0,Kanal,Lahore,Dha Defe,House,5.0,6.0,2020.0,4.0,2026.0,2026.0,2026.0,0.0,https://www.zameen.com/Property/dha_phase_7_dha_phase_7_-_block_s_1_kanal_lawn_top_quality_build_luxurious_beautiful_ultra_modern_design_villa_full_furnished_with_basement_for_sale_in_dha_lahore_phase_7_prime_location-52659456-1626-1.html
26000000.0,5.0,Marla,Lahore,Dha Defe,House,5.0,6.0,2020.0,1.0,1.0,2025.0,2025.0,0.0,https://www.zameen.com/Property/dha_defence_dha_9_town_modern_5_marla_luxury_bungalow_prime_location_in_dha_lahore-53264907-1452-1.html
63000000.0,1.0,Kanal,Lahore,Dha Defe,House,4.0,4.0,2020.0,4.0,2.0,0.0,0.0,2022.0,https://www.zameen.com/Property/dha_defence_dha_phase_7_1_kanal_victory_bungalow_for_sale_in_dha_phase_7-42502113-1450-1.html
90000000.0,1.0,Kanal,Lahore,Dha Defe,House,5.0,6.0,2020.0,4.0,2.0,0.0,0.0,0.0,https://www.zameen.com/Property/dha_defence_dha_phase_6_signature_1_kanal_luxury_residence_ph_6-53527969-1448-1.html
61500000.0,1.0,Kanal,Lahore,Dha Defe,House,5.0,6.0,2020.0,0.0,2026.0,0.0,2026.0,0.0,https://www.zameen.com/Property/dha_defence_dha_phase_7_a_well-proportioned_slightly_used_owner_built_in_z2_block_1_kanal_house_in_prime_dha-53640818-1450-1.html
69000000.0,1.0,Kanal,Lahore,Dha Defe,House,5.0,6.0,2020.0,4.0,1.0,0.0,0.0,0.0,https://www.zameen.com/Property/dha_defence_dha_phase_7_1-kanal_ultra_modern_brand_new_house_for_sale_in_dha_lahore-54041320-1450-1.html
27900000.0,10.0,Marla,Lahore,Other,House,5.0,6.0,2020.0,1.0,1.0,0.0,0.0,0.0,https://www.zameen.com/Property/lahore_lda_avenue_brand_new_like_used_house_prime_location_ten_marla_for_sale-52601528-547-1.html
35500000.0,10.0,Marla,Lahore,Other,House,5.0,5.0,2020.0,1.0,1.0,0.0,0.0,2023.0,https://www.zameen.com/Property/lahore_jubilee_town_brand_new_house_for_sale_in_jubilee_town_lahore-52564446-766-1.html
139000000.0,1.0,KANAL,Lahore,Dha Defe,House,6.0,6.0,2020.0,0.0,2.0,0.0,0.0,0.0,https://www.zameen.com/Property/dha_phase_6_dha_phase_6_-_block_n_1_kanal_full_basement_fully_furnished_top_location_residential_house_for_sale_in_dha_phase_6_block_n-54243148-1622-1.html
13500000.0,3.0,Marla,Lahore,Other,House,7.0,6.0,2020.0,0.0,0.0,0.0,1.0,0.0,https://www.zameen.com/Property/lahore_tajpura_3_marla_luxury_furnished_house_for_sale_in_tajpura_near_imam_town_amp_taj_bagh_triple_storey_prime_location-54076735-760-1.html
14000000.0,5.0,marla,Lahore,Other,House,5.0,6.0,2020.0,1.0,0.0,0.0,1.0,2026.0,https://www.zameen.com/Property/lahore_al_haram_garden_5_marla_1_5_story_house_for_sale_in_alharam_garden_lahore-54246754-9212-1.html
15000000.0,5.0,marla,Lahore,Other,House,3.0,4.0,2020.0,1.0,0.0,0.0,2.0,2026.0,https://www.zameen.com/Property/lahore_al_haram_garden_5_marla_1_5_story_corner_house_for_sale_in_alharam_garden_lahore-54246722-9212-1.html
24000000.0,6.5,Marla,Lahore,Dha Defe,House,3.0,4.0,2020.0,1.0,0.0,0.0,0.0,0.0,https://www.zameen.com/Property/dha_defence_dha_9_town_6_5_marla_outclass_modern_house_available_for_sale_in_dha_phase_9_town-54175153-1452-1.html
83500000.0,1.0,Kanal,Lahore,Dha Defe,House,2.0,6.0,2020.0,0.0,2026.0,2026.0,2026.0,0.0,https://www.zameen.com/Property/dha_phase_6_dha_phase_6_-_block_g_1_kanal_top_quality_build_luxurious_beautiful_spanish_design_villa_with_basement_for_sale_in_dha_lahore_phase_6_prime_location-53246570-1616-1.html
16500000.0,4.0,MARLA,Lahore,Other,House,6.0,6.0,2020.0,0.0,0.0,0.0,0.0,0.0,https://www.zameen.com/Property/lahore_military_accounts_housing_society_4_marla_slightly_used_house_for_sale_with_4_to_6_kv_hybrid_solar_system-54137679-781-1.html
235000000.0,2.0,Kanal,Lahore,Dha Defe,House,3.0,3.0,2020.0,6.0,3.0,0.0,0.0,2026.0,https://www.zameen.com/Property/dha_defence_dha_phase_5_facing_park_2_kanal_brand_new_modern_design_house_furnished_by_wing_chair_for_sale_in_reasonable_price-54109892-1447-1.html
295000000.0,2.0,Kanal,Lahore,Dha Defe,House,5.0,6.0,2020.0,6.0,2.0,0.0,0.0,0.0,https://www.zameen.com/Property/dha_defence_dha_phase_6_6-bed_fully_furnished_luxury_home_with_pool_in_prime_dha_phase_6_for_sale-54071828-1448-1.html
28000000.0,5.0,Marla,Lahore,Raiwind,House,5.0,6.0,2020.0,0.0,1.0,0.0,0.0,0.0,https://www.zameen.com/Property/lake_city_lake_city_-_sector_m-7b_5_marla_brand_new_house_for_sale_in_lake_city_-_sector_m-7b_lake_city_lahore-53912787-19059-1.html
209900000.0,2.0,Kanal,Lahore,Dha Defe,House,4.0,5.0,2020.0,0.0,3.0,0.0,0.0,0.0,https://www.zameen.com/Property/dha_defence_dha_phase_2_lavish_ready-to-shift_home_offering_luxury_comfort_smart_energy_42kv_solar-54192763-1444-1.html
18500000.0,4.5,Marla,Lahore,Central,House,6.0,7.0,2020.0,2.0,1.0,0.0,2026.0,0.0,https://www.zameen.com/Property/lahore_central_park_housing_scheme_4_50_marla_house_for_sale-54161107-1013-1.html
26000000.0,5.0,Marla,Lahore,Other,House,4.0,4.0,2020.0,1.0,0.0,0.0,2026.0,2026.0,https://www.zameen.com/Property/gt_road_bismillah_housing_scheme_5_marla_beautiful_house_for_sale-54150125-8446-1.html
18000000.0,5.0,Marla,Lahore,Bahria T,House,4.0,5.0,2020.0,0.0,0.0,0.0,0.0,0.0,https://www.zameen.com/Property/bahria_town_sector_e_bahria_town_-_jinnah_block_5_marla_house_for_sale_in_jinnah_block_bahria_town_lahore-54080503-1804-1.html
60000000.0,1.0,Kanal,Lahore,Dha Defe,House,3.0,4.0,2020.0,4.0,1.0,0.0,0.0,0.0,https://www.zameen.com/Property/dha_defence_dha_phase_7_1_kanal_super_modern_luxury_designer_bungalow_for_sale_in_dha_phase_7_prime_location_demand_710_lacs-53530608-1450-1.html
22500000.0,5.0,Marla,Lahore,Other,House,5.0,6.0,2020.0,1.0,1.0,0.0,0.0,0.0,https://www.zameen.com/Property/lahore_dha_11_rahbar_5_marla_beautiful_house_for_sale_in_dha_11_rahber_sec_2-54209294-1410-1.html
16500000.0,3.5,Marla,Lahore,Other,House,5.0,6.0,2020.0,0.0,1.0,0.0,0.0,2025.0,https://www.zameen.com/Property/johar_town_johar_town_phase_2_3_5_marla_house_for_sale_in_johar_town_phase_2_block_r1-54180686-3961-1.html
22000000.0,5.0,Marla,Lahore,Other,House,2.0,3.0,2020.0,0.0,0.0,0.0,1.0,0.0,https://www.zameen.com/Property/college_road_eden_boulevard_housing_scheme_5_marla_beautiful_trip-pal_story_house_in_eden_boulevard-54246611-12447-1.html
77500000.0,1.0,KANAL,Lahore,Dha Defe,House,5.0,6.0,2020.0,4.0,2.0,0.0,0.0,0.0,https://www.zameen.com/Property/dha_defence_dha_phase_7_1_kanal_ultra_modern_design_by_mohsin_ali_house_for_sale_in_dha_phase_7_near_deffence_raya-53512499-1450-1.html
80000000.0,1.0,Kanal,Lahore,Other,House,6.0,7.0,2020.0,0.0,0.0,0.0,0.0,0.0,https://www.zameen.com/Property/lake_city_meadows_phase_1_lake_city_meadows_phase_1_-_block_e_brand_new_spanish_house_with_a_construction_for_sale-54114199-4195-1.html
100000000.0,1.0,Kanal,Lahore,Raiwind,House,5.0,6.0,2020.0,0.0,0.0,0.0,2.0,0.0,https://www.zameen.com/Property/lake_city_lake_city_-_sector_m-2_1_kanal_brand_new_house_available_for_sale_in_lake_city_sector_m-2-54163263-4001-1.html
26400000.0,5.0,Marla,Lahore,Raiwind,House,5.0,5.0,2020.0,0.0,1.0,0.0,1.0,0.0,https://www.zameen.com/Property/lake_city_sector_m_7_lake_city_-_sector_m7_-_block_b_5_marla_slightly_used_m7b_house_for_sale_on_prime_location_in_lake_city-53262331-9375-1.html
82500000.0,1.0,Kanal,Lahore,Dha Defe,House,4.0,5.0,2020.0,4.0,2.0,0.0,3.0,2026.0,https://www.zameen.com/Property/dha_defence_dha_phase_6_1_kanal_most_elegant_modern_design_bungalow_for_sale_at_prime_location_in_dha_phase_6_near_to_park_raya_mosque-54214995-1448-1.html
16000000.0,5.0,Marla,Lahore,Park Vie,House,5.0,6.0,2020.0,0.0,0.0,0.0,0.0,0.0,https://www.zameen.com/Property/park_view_city_park_view_city_-_platinum_block_brand_new_5_marla_house_for_sale_in_platinum_block_park_view_city_lahore-54017030-16617-1.html
112000000.0,1.0,Kanal,Lahore,Dha Defe,House,3.0,4.0,2020.0,0.0,1.0,0.0,0.0,0.0,https://www.zameen.com/Property/dha_phase_7_dha_phase_7_-_block_x_brand_new_1_kanal_top_location_bungalow_is_available_in_the_best_block_of_dha_lahore-54095920-1631-1.html
290000000.0,2.0,Kanal,Lahore,Dha Defe,House,5.0,6.0,2020.0,0.0,2.0,0.0,0.0,0.0,https://www.zameen.com/Property/dha_defence_dha_phase_1_full_basement_fully_furnished_brand_new_2_kanal_top_location_spanish_bungalow_with_pool_lift_gym_and_home_theatre_is_available_in_the_best_block_of_dha_lahore-54095927-1442-1.html
137500000.0,1.0,Kanal,Lahore,Dha Defe,House,6.0,7.0,2020.0,0.0,0.0,2026.0,2026.0,0.0,https://www.zameen.com/Property/dha_defence_dha_phase_7_fully_furnished_brand_new_1_kanal_top_location_spanish_bungalow_is_available_in_the_best_block_of_dha_lahore-54095928-1450-1.html
50000000.0,12.0,Marla,Lahore,Dha Defe,House,5.0,6.0,2020.0,0.0,2.0,0.0,2026.0,2026.0,https://www.zameen.com/Property/dha_defence_dha_phase_8_12_marla_luxury_house_for_sale-54221942-1451-1.html
35500000.0,8.0,MARLA,Lahore,Other,House,5.0,6.0,2020.0,2.0,0.0,1.0,2.0,0.0,https://www.zameen.com/Property/dha_11_rahbar_dha_11_rahbar_sector_1_8_marla_prime_location_brand_new_house_for_sale_in_dha_rahbar_11_phase_1-53818806-3710-1.html
20000000.0,5.0,Marla,Lahore,Sabzazar Scheme,House,4.0,5.0,2020.0,0.0,0.0,0.0,2.0,0.0,https://www.zameen.com/Property/sabzazar_scheme_sabzazar_scheme_-_block_n_5_marla_house_for_sale-53048888-4177-1.html
27500000.0,5.0,Marla,Lahore,Sabzazar Scheme,House,4.0,4.0,2020.0,0.0,0.0,0.0,1.0,0.0,https://www.zameen.com/Property/sabzazar_scheme_sabzazar_scheme_-_block_l_5_marla_vip_brand_new_house_for_sale-53054809-4175-1.html
42500000.0,10.0,Marla,Lahore,Sabzazar Scheme,House,11.0,7.0,2020.0,2.0,0.0,0.0,0.0,0.0,https://www.zameen.com/Property/sabzazar_scheme_sabzazar_scheme_-_block_k_10_marla_beautiful_house_for_sale-53730189-4174-1.html
32900000.0,5.0,Marla,Lahore,Raiwind,House,5.0,6.0,2020.0,0.0,0.0,0.0,2026.0,2026.0,https://www.zameen.com/Property/lake_city_sector_m_7_lake_city_-_sector_m7_-_block_c1_5_marla_ultra_modern_semi_furnished_near_to_park_premium_location_house_for_sale_in_lake_city_sector_m7-c1-54136944-15743-1.html
77500000.0,1.0,Kanal,Lahore,Dha Defe,House,4.0,5.0,2020.0,4.0,2.0,0.0,0.0,0.0,https://www.zameen.com/Property/dha_phase_7_dha_phase_7_-_block_t_owner_needy_argent_sale_prime_location_1_kanal_fully_furnished_house_in_dha_phase_7-54104686-1627-1.html
64100000.0,1.0,Kanal,Lahore,Dha Defe,House,5.0,6.0,2020.0,4.0,2025.0,2025.0,2025.0,0.0,https://www.zameen.com/Property/dha_defence_dha_phase_7_owner_build_modern_house_for_sale_at_hot_location_near_park_commercial-54150987-1450-1.html
26500000.0,5.0,Marla,Lahore,Central,House,5.0,6.0,2020.0,1.0,1.0,0.0,2026.0,0.0,https://www.zameen.com/Property/lahore_central_park_housing_scheme_5_marla_most_luxurious_double_storey_house_for_sale_with_solar_system_in_central_park_housing_scheme_lahore-54165415-1013-1.html
105000000.0,1.0,Kanal,Lahore,Dha Defe,House,6.0,7.0,2020.0,0.0,0.0,0.0,0.0,0.0,https://www.zameen.com/Property/dha_phase_7_dha_phase_7_-_block_w_phase_7_1-kanal_brand_new_bungalow_is_available_for_sale-53928050-1630-1.html
127500000.0,1.0,Kanal,Lahore,Dha Defe,House,5.0,6.0,2020.0,4.0,2.0,0.0,0.0,0.0,https://www.zameen.com/Property/dha_phase_7_dha_phase_7_-_block_t_house_for_sale_situated_in_dha_phase_7_-_block_t-53927340-1627-1.html
39000000.0,10.0,Marla,Lahore,Bahria T,House,5.0,6.0,2020.0,0.0,0.0,0.0,0.0,0.0,https://www.zameen.com/Property/bahria_town_sector_f_bahria_town_-_tauheed_block_10_marla_brand_new_luxury_house_for_sale_with_original_pictures_and_original_price_investor_rate_in_tauheed_block_bahria_town_lahore-54189492-11864-1.html
20000000.0,5.0,Marla,Lahore,Other,House,5.0,7.0,2020.0,1.0,0.0,0.0,2.0,2.0,https://www.zameen.com/Property/lahore_pak_park_5_marla_brand_new_house_for_sale-54186312-11033-1.html
11500000.0,3.0,Marla,Lahore,Raiwind,House,4.0,4.0,2020.0,0.0,1.0,2.0,2.0,0.0,https://www.zameen.com/Property/al_kabir_town_al-kabir_town_-_phase_2_3_marla_house_in_lahore_is_available_for_sale-53897518-11704-1.html
14000000.0,788.0,Square Feet,Lahore,Other,House,3.0,3.0,2020.0,0.0,0.0,1.0,1.0,0.0,https://www.zameen.com/Property/gosha_e_ahbab_gosha-e-ahbab_-_phase_3_788_square_feet_house_is_available_for_sale-54235219-21779-1.html
80000000.0,1.0,Kanal,Lahore,Sabzazar Scheme,House,3.0,3.0,2020.0,2.0,12.0,5.0,2.0,0.0,https://www.zameen.com/Property/sabzazar_scheme_sabzazar_scheme_-_block_g_1_kanal_vip_like_brand_new_double_storey_house_urgent_for_sale_prime_location_100_feet_road_in_sabzazar-52582657-4170-1.html
86500000.0,24.0,MARLA,Lahore,Dha Defe,House,6.0,6.0,2020.0,0.0,3.0,0.0,3.0,0.0,https://www.zameen.com/Property/dha_defence_dha_phase_6_24_marla_huge_lawn_house_near_raya_golf_owner_needy-53668931-1448-1.html
75500000.0,1.0,Kanal,Lahore,Dha Defe,House,6.0,7.0,2020.0,0.0,2026.0,2026.0,2026.0,0.0,https://www.zameen.com/Property/dha_phase_7_dha_phase_7_-_block_s_owner_needy_sale_this_house_going_to_abroad_1_kanal_top_quality_build_luxurious_beautiful_modern_design-54174889-1626-1.html
39500000.0,10.0,Marla,Lahore,Dha Defe,House,5.0,6.0,2020.0,2.0,0.0,2026.0,2026.0,0.0,https://www.zameen.com/Property/dha_defence_dha_phase_7_10_marla_luxury_house_ultra_modern_design_prime_location_dha_phase_7-54189242-1450-1.html
24000000.0,5.0,Marla,Lahore,Bankers Town,House,4.0,5.0,2020.0,0.0,1.0,0.0,1.0,2026.0,https://www.zameen.com/Property/lahore_bankers_avenue_cooperative_housing_society_5_marla_beautiful_house_for_sale_prime_location_bankers_avenue_cooperative_housing_society_bedian_road_lahore-54174716-8325-1.html
41000000.0,7.0,Marla,Lahore,Raiwind,House,3.0,4.0,2020.0,0.0,0.0,0.0,2.0,0.0,https://www.zameen.com/Property/lake_city_lake_city_-_sector_m-7a_7_marla_brand_new_house_for_sale_in_lake_city_-_sector_m-7a_lake_city_raiwind_road_lahore-54121694-19058-1.html
105000000.0,1.0,Kanal,Lahore,Dha Defe,House,6.0,7.0,2020.0,4.0,2.0,0.0,2.0,0.0,https://www.zameen.com/Property/dha_phase_7_dha_phase_7_-_block_z_house_in_dha_phase_7_-_block_z_for_sale-53927341-9424-1.html
185000000.0,27.0,Marla,Lahore,Dha Defe,House,5.0,6.0,2020.0,4.0,2.0,0.0,2.0,0.0,https://www.zameen.com/Property/dha_phase_7_dha_phase_7_-_block_p_a_house_of_27_marla_in_dha_phase_7_-_block_p-53927342-1623-1.html
115000000.0,1.0,Kanal,Lahore,Dha Defe,House,6.0,6.0,2020.0,4.0,2.0,0.0,0.0,0.0,https://www.zameen.com/Property/dha_phase_8_dha_phase_8_-_block_v_stunning_1_kanal_house_in_dha_phase_8_-_block_v_available-53927343-1637-1.html
31000000.0,10.0,Marla,Lahore,Park Vie,House,5.0,6.0,2020.0,0.0,0.0,0.0,0.0,0.0,https://www.zameen.com/Property/lahore_park_view_city_3_years_installments_plan_10_marla_brand_new_house_for_sale_in_park_view_city-54211641-1466-1.html
21000000.0,5.0,Marla,Lahore,Park Vie,House,5.0,6.0,2020.0,1.0,1.0,0.0,0.0,0.0,https://www.zameen.com/Property/park_view_city_park_view_city_-_crystal_block_05-marla_brand_new_house_for_sale_near_to_main_85_feet_road-54189042-17960-1.html
23000000.0,5.0,Marla,Lahore,Park Vie,House,4.0,4.0,2020.0,1.0,1.0,0.0,0.0,0.0,https://www.zameen.com/Property/park_view_city_park_view_city_-_tulip_block_05-marla_brand_new_house_for_sale_super_prime_location-53860566-8465-1.html
7800000.0,2.0,Marla,Lahore,Other,House,4.0,4.0,2020.0,1.0,0.0,0.0,2.0,0.0,https://www.zameen.com/Property/harbanspura_aamir_town_2_marla_double_storey_brand_new_house_for_sale_in_amir_town-53879620-3879-1.html
28000000.0,8.0,MARLA,Lahore,Other,House,5.0,6.0,2020.0,4.0,0.0,0.0,0.0,0.0,https://www.zameen.com/Property/lahore_military_accounts_housing_society_8_marla_house_for_sale_in_military_accounts_college_road_lahore-52055998-781-1.html
15000000.0,4.0,MARLA,Lahore,Other,House,6.0,7.0,2020.0,0.0,0.0,0.0,0.0,0.0,https://www.zameen.com/Property/lahore_military_accounts_housing_society_4_marla_double_storey_house_for_sale_in_military_accounts_college_road_lahore-54177241-781-1.html
24000000.0,5.0,MARLA,Lahore,Other,House,3.0,4.0,2020.0,2.0,2.0,0.0,0.0,0.0,https://www.zameen.com/Property/college_road_eden_boulevard_housing_scheme_5_marla_brand_new_house_for_sale_in_eden_boulevard_college_road_lahore-54139966-12447-1.html
125000000.0,1.0,Kanal,Lahore,Dha Defe,House,6.0,7.0,2020.0,0.0,0.0,2022.0,2022.0,0.0,https://www.zameen.com/Property/dha_defence_dha_phase_6_1-kanal_elegant_and_super_hot_located_bungalow_is_available_in_the_best_block_of_dha_phase_6_lahore-53926548-1448-1.html
67500000.0,1.0,KANAL,Lahore,Dha Defe,House,5.0,4.0,2020.0,4.0,2.0,0.0,0.0,0.0,https://www.zameen.com/Property/dha_phase_7_dha_phase_7_-_block_t_near_to_carrefour_01_kanal_splendid_luxury_house_for_sale-52084491-1627-1.html
87000000.0,1.0,Kanal,Lahore,Dha Defe,House,5.0,6.0,2020.0,4.0,2.0,0.0,0.0,0.0,https://www.zameen.com/Property/dha_phase_8_dha_phase_8_-_ex_air_avenue_task_est_offer_1_kanal_brand_new_spanish_house_near_mcdonald_original_pictures_on_ad_for_sale_in_phase_8_dha-54132482-407-1.html
92000000.0,1.0,Kanal,Lahore,Dha Defe,House,5.0,6.0,2020.0,4.0,2.0,0.0,0.0,0.0,https://www.zameen.com/Property/dha_phase_8_dha_phase_8_-_ex_air_avenue_task_est_offer_1_kanal_brand_new_spanish_design_house_near_mcdonald_original_pictures_on_ad_for_sale_in_phase_8_dha-54132459-407-1.html
145000000.0,2.0,Kanal,Lahore,Dha Defe,House,6.0,6.0,2020.0,8.0,2.0,0.0,0.0,2015.0,https://www.zameen.com/Property/dha_phase_2_dha_phase_2_-_block_r_2_kanal_slightly_used_spanish_design_well_maintained_8-bedroom_full_basement_bungalow_for_sale_at_prime_location_of_dha_lahore_near_to_park_masjid_commercial_market-52925397-1571-1.html
74500000.0,1.0,Kanal,Lahore,Dha Defe,House,8.0,7.0,2020.0,4.0,2026.0,0.0,0.0,0.0,https://www.zameen.com/Property/dha_phase_7_dha_phase_7_-_block_y_1_kanal_modern_house_available_for_sale_in_prime_location_of_dha_phase_7_block_y-53664030-1632-1.html
74700000.0,1.0,Kanal,Lahore,Dha Defe,House,5.0,6.0,2020.0,2.0,2.0,0.0,3.0,2026.0,https://www.zameen.com/Property/dha_defence_dha_phase_7_desire_homes_offers_kanal_elegantly_designed_wing_chair_furnished_house_for_sale_in_heart_of_dha_phase_7-53985761-1450-1.html
18000000.0,5.0,Marla,Lahore,Other,House,5.0,6.0,2020.0,0.0,0.0,0.0,2.0,2026.0,https://www.zameen.com/Property/bahria_orchard_bahria_orchard_phase_1_5_marla_aura_ultra-modern_living_in_bahria_orchard_presented_by_mohal_land_holdings_experience_trust-54248364-8235-1.html
19900000.0,5.0,Marla,Lahore,Other,House,4.0,3.0,2020.0,0.0,0.0,0.0,0.0,0.0,https://www.zameen.com/Property/college_road_eden_boulevard_housing_scheme_unoccupied_house_of_5_marla_is_available_for_sale_in_college_road-54094056-12447-1.html
79900000.0,20.0,MARLA,Lahore,Dha Defe,House,6.0,7.0,2020.0,0.0,0.0,0.0,0.0,0.0,https://www.zameen.com/Property/dha_phase_6_dha_phase_6_-_block_n_20_marla_elegant_and_fully_maintained_super_hot_located_bungalow_is_available_in_the_best_block_of_dha_lahore-53921958-1622-1.html
260000000.0,2.0,KANAL,Lahore,Dha Defe,House,6.0,7.0,2020.0,5.0,2025.0,2025.0,2025.0,0.0,https://www.zameen.com/Property/dha_defence_dha_phase_6_02_kanal_full_furnished_with_brand_new_modern_bungalow_for_sale-53311607-1448-1.html
60000000.0,10.0,Marla,Lahore,Dha Defe,House,6.0,7.0,2020.0,3.0,1.0,0.0,0.0,0.0,https://www.zameen.com/Property/dha_phase_8_dha_phase_8_-_ex_air_avenue_task_est_offer_10_marla_modern_design_banglow_good_location_reasonable_price_near_ring_road_in_phase_8_dha_ex_air_avenue-53987276-407-1.html
150000000.0,22.0,Marla,Lahore,Dha Defe,House,5.0,6.0,2020.0,0.0,0.0,0.0,2.0,0.0,https://www.zameen.com/Property/dha_defence_dha_phase_5_22_marla_fully_furnished_luxury_house_with_basement_and_solar_panel_installed_for_sale_in_dha_phase_5-54075174-1447-1.html
85000000.0,1.0,Kanal,Lahore,Dha Defe,House,5.0,6.0,2020.0,4.0,2026.0,2026.0,2026.0,0.0,https://www.zameen.com/Property/dha_phase_7_dha_phase_7_-_block_y_task_est_offer_1_kanal_brand_new_designer_house_with_original_near_mcdonald_for_sale_in_phase_7_dha-54137391-1632-1.html
52500000.0,12.0,Marla,Lahore,Other,House,5.0,6.0,2020.0,2.0,1.0,0.0,0.0,0.0,https://www.zameen.com/Property/lahore_lake_city_meadows_12_marla_beautiful_and_ultra_luxry_house-46882592-487-1.html
24500000.0,5.0,Marla,Lahore,Other,House,4.0,5.0,2020.0,4.0,1.0,0.0,0.0,2026.0,https://www.zameen.com/Property/dha_11_rahbar_dha_11_rahbar_sector_2_5_marla_brand_new_house_available_for_sale_in_dha_rahbar_phase_11_sector_3_original_pictures_asking_price_2_crore_45_lacs-54188146-3717-1.html
26800000.0,5.0,Marla,Lahore,Raiwind,House,3.0,5.0,2020.0,0.0,1.0,0.0,2024.0,0.0,https://www.zameen.com/Property/lake_city_lake_city_-_sector_m-7b_5_marla_slightly_used_beautiful_house_for_sale_in_lake_city_sector_m7b-54236352-19059-1.html
17000000.0,3.0,Marla,Lahore,Raiwind,House,4.0,5.0,2020.0,0.0,1.0,0.0,0.0,2025.0,https://www.zameen.com/Property/al_kabir_town_al-kabir_town_-_phase_2_3_marla_affordable_luxury_house_for_sale_in_al_kabir_town_ph-02-53997011-11704-1.html
100000000.0,15.0,Marla,Lahore,Other,House,4.0,5.0,2020.0,2.0,1.0,0.0,0.0,0.0,https://www.zameen.com/Property/askari_10_askari_10_-_sector_s_15_marla_05_bedroom_with_attached_bathroom_brig_house_available_for_sale_in_sector-s_askari_10_lahore_cantt-54237598-21434-1.html
129900000.0,1.0,Kanal,Lahore,Dha Defe,House,5.0,6.0,2020.0,0.0,1.0,0.0,0.0,0.0,https://www.zameen.com/Property/dha_phase_5_dha_phase_5_-_block_a_prime_location_1-kanal_elegant_and_super_hot_located_bungalow_is_available_in_the_best_block_of_dha_lahore-53921917-1598-1.html
107000000.0,1.0,Kanal,Lahore,Dha Defe,House,5.0,6.0,2020.0,0.0,0.0,0.0,0.0,0.0,https://www.zameen.com/Property/dha_defence_dha_phase_6_phase_6_1-kanal_full_furnished_fully_maintained_bungalow_with_solar_system_installed_is_available_for_sale-53908033-1448-1.html
23500000.0,5.0,Marla,Lahore,Park Vie,House,5.0,6.0,2020.0,1.0,0.0,0.0,0.0,0.0,https://www.zameen.com/Property/park_view_city_park_view_city_-_executive_block_a_spacious_on_excellent_location_5_marla_house_in_park_view_city_-_executive_block-54168501-17598-1.html
31000000.0,10.0,Marla,Lahore,Park Vie,House,4.0,4.0,2020.0,0.0,0.0,0.0,2.0,0.0,https://www.zameen.com/Property/park_view_city_park_view_city_-_tulip_extension_block_prime_10_marla_grey_for_sale_in_park_view_city_lahore-53527530-16719-1.html
105000000.0,1.0,Kanal,Lahore,Dha Defe,House,6.0,5.0,2020.0,4.0,2026.0,2026.0,2026.0,0.0,https://www.zameen.com/Property/dha_phase_7_dha_phase_7_-_block_u_task_est_offer_1_kanal_brand_new_victorian_design_palace_near_carrefour_mall_phase_7_dha-54137422-1628-1.html
90000000.0,1.0,Kanal,Lahore,Dha Defe,House,5.0,6.0,2020.0,4.0,2.0,0.0,0.0,2026.0,https://www.zameen.com/Property/dha_defence_dha_phase_6_task_est_offer_1_kanal_brand_new_spanish_design_house_for_sale_in_dha_raya_phase_6-54152392-1448-1.html
85000000.0,1.0,Kanal,Lahore,Other,House,5.0,6.0,2020.0,4.0,2.0,0.0,0.0,2022.0,https://www.zameen.com/Property/lahore_hbfc_housing_society_task_est_offer_1_kanal_slighlty_used_double_unit_house_original_photo10kv_solar_installed_near_park_direct_approach_reasonable_price_in_hbfc_society_at_ring_road_near_dha_phase_5-54155585-1718-1.html
42500000.0,10.0,Marla,Lahore,Other,House,6.0,7.0,2020.0,4.0,2.0,0.0,0.0,0.0,https://www.zameen.com/Property/lahore_marghzar_officers_colony_10-marla_brand_new_house_for_sale-53390848-1047-1.html
67500000.0,1.0,Kanal,Lahore,Other,House,8.0,7.0,2020.0,0.0,1.0,0.0,0.0,0.0,https://www.zameen.com/Property/lahore_marghzar_officers_colony_1-kanal_beautiful_house_for_sale-53814801-1047-1.html
41500000.0,10.0,Marla,Lahore,Other,House,5.0,6.0,2020.0,0.0,2.0,0.0,0.0,0.0,https://www.zameen.com/Property/lda_avenue_lda_avenue_-_block_j_10_marla_modern_house_for_sale_in_lda_avenue_1_on_ideal_location-54204218-8167-1.html
29900000.0,10.0,MARLA,Lahore,Bahria T,House,6.0,7.0,2020.0,0.0,0.0,0.0,2.0,0.0,https://www.zameen.com/Property/bahria_town_bahria_town_-_sector_b_10_marla_house_on_elegant_location_with_solid_construction_available_for_sale_in_bahria_town-54190630-1772-1.html
43300000.0,10.0,Marla,Lahore,Dha Defe,House,5.0,6.0,2020.0,4.0,1.0,0.0,0.0,0.0,https://www.zameen.com/Property/dha_phase_7_dha_phase_7_-_block_y_exclusive_10_marla_double_unit_house_for_sale_in_dha_phase_7-52274461-1632-1.html
20500000.0,5.0,Marla,Lahore,Other,House,4.0,5.0,2020.0,0.0,0.0,0.0,0.0,0.0,https://www.zameen.com/Property/nasheman_e_iqbal_nasheman-e-iqbal_phase_2_5_marla_house_for_sale_in_nasheman_iqbal_phase_2_lahore-54236785-4071-1.html
400000000.0,3.0,Kanal,Lahore,Dha Defe,House,9.0,7.0,2020.0,0.0,0.0,2026.0,2026.0,0.0,https://www.zameen.com/Property/dha_defence_dha_phase_7_full_basement_full_furnished_3_kanal_2_kanal_lawn_1_kanal_house_everything_imported_in_dha_phase_7-53908183-1450-1.html
24500000.0,5.0,Marla,Lahore,Park Vie,House,7.0,7.0,2020.0,1.0,0.0,0.0,2.0,0.0,https://www.zameen.com/Property/park_view_city_park_view_city_-_tulip_overseas_a_on_excellent_location_house_of_5_marla_in_lahore-54168388-13754-1.html
48000000.0,12.0,Marla,Lahore,Other,House,4.0,4.0,2020.0,0.0,0.0,0.0,2.0,0.0,https://www.zameen.com/Property/lahore_marghzar_officers_colony_12-marla_beautiful_luxury_house_for_sale-53712810-1047-1.html
20000000.0,4.0,Marla,Lahore,Other,House,6.0,6.0,2020.0,0.0,1.0,0.0,0.0,0.0,https://www.zameen.com/Property/lahore_marghzar_officers_colony_4_5--marla_brand_new_house_for_sale_0321-4680642-54090923-1047-1.html
